Datum;;;;EV3;;;;EV6;;;;EV9;
03.07.2017 00:00;0;0;0;0;0;0;0;0;0;0;0;0;0
03.07.2017 00:15;0;0;0;0;0;0;0;0;0;0;0;0;0
03.07.2017 00:30;0;0;0;0;0;0;0;0;0;0;0;0;0
03.07.2017 00:45;0;0;0;0;0;0;0;0;0;0;0;0;0
03.07.2017 01:00;0;0;0;0;0;0;0;0;0;0;0;0;0
03.07.2017 01:15;0;0;0;0;0;0;0;0;0;0;0;0;0
03.07.2017 01:30;0;0;0;0;0;0;0;0;0;0;0;0;0
03.07.2017 01:45;0;0;0;0;0;0;0;0;0;0;0;0;0
03.07.2017 02:00;0;0;0;0;0;0;0;0;0;0;0;0;0
03.07.2017 02:15;0;0;0;0;0;0;0;0;0;0;0;0;0
03.07.2017 02:30;0;0;0;0;0;0;0;0;0;0;0;0;0
03.07.2017 02:45;0;0;0;0;0;0;0;0;0;0;0;8,321311475;8,321311475
03.07.2017 03:00;0;0;0;0;0;0;0;0;0;0;0;8,321311475;8,321311475
03.07.2017 03:15;0;0;0;0;0;0;0;0;0;0;0;8,321311475;8,321311475
03.07.2017 03:30;0;0;0;2,645845272;2,645845272;0;0;0;0;0;0;8,321311475;8,321311475
03.07.2017 03:45;0;0;0;2,645845272;2,645845272;0;0;8,056216216;8,056216216;0;0;8,321311475;8,321311475
03.07.2017 04:00;0;0;0;2,645845272;2,645845272;0;0;8,056216216;8,056216216;0;0;8,321311475;8,321311475
03.07.2017 04:15;0;0;0;2,645845272;2,645845272;0;0;8,056216216;8,056216216;0;0;8,321311475;8,321311475
03.07.2017 04:30;0;0;0;2,645845272;2,645845272;0;0;8,056216216;8,056216216;0;0;8,321311475;8,321311475
03.07.2017 04:45;8,4375;0;0;2,645845272;2,645845272;0;0;15,85621622;15,85621622;0;0;8,321311475;8,321311475
03.07.2017 05:00;8,4375;0;0;2,645845272;2,645845272;0;0;15,85621622;15,85621622;0;0;8,321311475;8,321311475
03.07.2017 05:15;10,2277965;0;0;2,645845272;2,645845272;0;0;23,00756757;15,85621622;7,151351351;0;8,321311475;8,321311475
03.07.2017 05:30;10,33590738;0;0;2,645845272;2,645845272;0;0;23,00756757;15,85621622;7,151351351;0;8,321311475;8,321311475
03.07.2017 05:45;10,33590738;0;0;7,532402649;2,645845272;4,886557377;0;23,00756757;15,85621622;7,151351351;0;8,321311475;8,321311475
03.07.2017 06:00;10,33590738;0;0;7,532402649;2,645845272;4,886557377;0;23,00756757;15,85621622;7,151351351;0;0;0
03.07.2017 06:15;10,33590738;0;0;13,00163342;2,645845272;10,35578815;0;23,00756757;15,85621622;7,151351351;0;0;0
03.07.2017 06:30;1,898407379;0;0;13,00163342;2,645845272;10,35578815;0;23,00756757;15,85621622;7,151351351;0;0;0
03.07.2017 06:45;1,898407379;0;6,781395349;13,00163342;2,645845272;10,35578815;0;23,00756757;15,85621622;7,151351351;0;0;0
03.07.2017 07:00;1,898407379;0;6,781395349;13,00163342;2,645845272;10,35578815;0;14,95135135;7,8;7,151351351;0;0;0
03.07.2017 07:15;1,898407379;0;6,781395349;13,00163342;2,645845272;10,35578815;0;14,95135135;7,8;7,151351351;0;0;0
03.07.2017 07:30;1,898407379;0;6,781395349;13,00163342;2,645845272;10,35578815;0;0;0;0;0;0;0
03.07.2017 07:45;1,898407379;0;6,781395349;13,00163342;2,645845272;10,35578815;0;0;0;0;0;0;0
03.07.2017 08:00;6,398407379;0;6,781395349;13,00163342;2,645845272;10,35578815;0;0;0;0;0;0;0
03.07.2017 08:15;6,398407379;0;6,781395349;13,00163342;2,645845272;10,35578815;0;0;0;0;0;0;0
03.07.2017 08:30;1,898407379;0;0;13,00163342;2,645845272;10,35578815;0;0;0;0;0;0;0
03.07.2017 08:45;1,898407379;0;0;13,00163342;2,645845272;10,35578815;0;0;0;0;0;0;0
03.07.2017 09:00;1,898407379;0;0;13,00163342;2,645845272;10,35578815;0;0;0;0;0;0;0
03.07.2017 09:15;1,898407379;0;0;13,00163342;2,645845272;10,35578815;0;0;0;0;0;0;0
03.07.2017 09:30;1,898407379;0;0;13,00163342;2,645845272;10,35578815;0;0;0;0;0;0;0
03.07.2017 09:45;1,898407379;0;0;10,35578815;0;10,35578815;0;0;0;0;0;0;0
03.07.2017 10:00;1,898407379;0;0;10,35578815;0;10,35578815;0;0;0;0;0;0;0
03.07.2017 10:15;1,898407379;0;0;10,35578815;0;10,35578815;0;0;0;0;0;0;0
03.07.2017 10:30;1,898407379;0;0;4,886557377;0;4,886557377;0;0;0;0;0;0;0
03.07.2017 10:45;1,898407379;0;0;4,886557377;0;4,886557377;0;0;0;0;0;0;0
03.07.2017 11:00;1,898407379;0;0;4,886557377;0;4,886557377;0;0;0;0;0;0;0
03.07.2017 11:15;1,898407379;0;0;0;0;0;0;0;0;0;0;0;0
03.07.2017 11:30;1,898407379;0;0;0;0;0;0;0;0;0;0;0;0
03.07.2017 11:45;0,108110883;0;0;0;0;0;0;0;0;0;0;0;0
03.07.2017 12:00;0,108110883;0;0;0;0;0;0;0;0;0;0;0;0
03.07.2017 12:15;0,108110883;0;0;0;0;0;0;6,889655172;0;0;6,889655172;0;0
03.07.2017 12:30;0,108110883;0;0;0;0;0;0;6,889655172;0;0;6,889655172;0;0
03.07.2017 12:45;8,042804761;0;0;0;0;0;0;6,889655172;0;0;6,889655172;0;0
03.07.2017 13:00;8,042804761;0;0;0;0;0;0;6,889655172;0;0;6,889655172;0;0
03.07.2017 13:15;10,25189567;0;0;0;0;0;0;6,889655172;0;0;6,889655172;0;0
03.07.2017 13:30;10,25189567;0;0;0;0;0;0;6,889655172;0;0;6,889655172;0;0
03.07.2017 13:45;0,108110883;0;0;0;0;0;0;6,889655172;0;0;6,889655172;0;0
03.07.2017 14:00;0,108110883;0;0;0;0;0;0;0;0;0;0;0;0
03.07.2017 14:15;0,108110883;0;0;0;0;0;0;0;0;0;0;0;0
03.07.2017 14:30;0,108110883;0;0;0;0;0;0;0;0;0;0;0;0
03.07.2017 14:45;0,108110883;0;0;0;0;0;0;0;0;0;0;0;0
03.07.2017 15:00;0,108110883;0;0;0;0;0;0;0;0;0;0;0;0
03.07.2017 15:15;0,108110883;0;0;0;0;0;0;0;0;0;0;0;0
03.07.2017 15:30;0,108110883;0;0;0;0;0;0;0;0;0;0;0;0
03.07.2017 15:45;0,108110883;0;0;0;0;0;0;0;0;0;0;0;0
03.07.2017 16:00;0,108110883;0;0;0;0;0;0;0;0;0;0;0;0
03.07.2017 16:15;0,108110883;0;0;0;0;0;0;0;0;0;0;0;0
03.07.2017 16:30;0,108110883;0;0;0;0;0;0;0;0;0;0;0;0
03.07.2017 16:45;0,108110883;0;0;0;0;0;0;0;0;0;0;0;0
03.07.2017 17:00;0,108110883;0;0;0;0;0;0;0;0;0;0;0;0
03.07.2017 17:15;0,108110883;0;0;0;0;0;0;0;0;0;0;0;0
03.07.2017 17:30;0,108110883;0;0;0;0;0;0;0;0;0;0;0;0
03.07.2017 17:45;0,108110883;0;0;0;0;0;0;0;0;0;0;0;0
03.07.2017 18:00;0,108110883;0;0;0;0;0;0;0;0;0;0;0;0
03.07.2017 18:15;0,108110883;0;0;0;0;0;0;0;0;0;0;0;0
03.07.2017 18:30;0,108110883;0;0;0;0;0;0;0;0;0;0;0;0
03.07.2017 18:45;0,108110883;0;0;0;0;0;0;0;0;0;0;0;0
03.07.2017 19:00;0,108110883;0;0;0;0;0;0;0;0;0;0;0;0
03.07.2017 19:15;0,108110883;0;0;0;0;0;0;0;0;0;0;0;0
03.07.2017 19:30;0,108110883;0;0;0;0;0;0;0;0;0;0;0;0
03.07.2017 19:45;0,108110883;0;0;0;0;0;0;0;0;0;0;0;0
03.07.2017 20:00;0,108110883;0;0;0;0;0;0;0;0;0;0;0;0
03.07.2017 20:15;0,108110883;0;0;0;0;0;0;0;0;0;0;0;0
03.07.2017 20:30;0,108110883;0;0;0;0;0;0;0;0;0;0;0;0
03.07.2017 20:45;0,108110883;0;0;0;0;0;0;0;0;0;0;0;0
03.07.2017 21:00;0,108110883;0;0;0;0;0;0;0;0;0;0;0;0
03.07.2017 21:15;0,108110883;0;0;0;0;0;0;0;0;0;0;0;0
03.07.2017 21:30;0,108110883;0;0;0;0;0;0;0;0;0;0;0;0
03.07.2017 21:45;0,108110883;0;0;0;0;0;0;0;0;0;0;0;0
03.07.2017 22:00;0,108110883;0;0;0;0;0;0;0;0;0;0;0;0
03.07.2017 22:15;0,108110883;0;0;0;0;0;0;0;0;0;0;0;0
03.07.2017 22:30;0,108110883;0;0;0;0;0;0;0;0;0;0;0;0
03.07.2017 22:45;0,108110883;0;0;0;0;0;0;0;0;0;0;0;0
03.07.2017 23:00;0,108110883;0;0;0;0;0;0;0;0;0;0;0;0
03.07.2017 23:15;0,108110883;0;0;0;0;0;0;0;0;0;0;0;0
03.07.2017 23:30;0,108110883;0;0;0;0;0;0;0;0;0;0;0;0
03.07.2017 23:45;0,108110883;0;0;0;0;0;0;0;0;0;0;0;0
04.07.2017 00:00;0,108110883;0;0;0;0;0;0;0;0;0;0;0;0
04.07.2017 00:15;0,108110883;0;0;0;0;0;0;0;0;0;0;0;0
04.07.2017 00:30;0,108110883;0;0;0;0;0;0;0;0;0;0;0;0
04.07.2017 00:45;0,108110883;0;0;0;0;0;0;0;0;0;0;0;0
04.07.2017 01:00;0,108110883;0;0;0;0;0;0;0;0;0;0;0;0
04.07.2017 01:15;0,108110883;0;0;0;0;0;0;0;0;0;0;0;0
04.07.2017 01:30;0,108110883;0;0;0;0;0;0;0;0;0;0;0;0
04.07.2017 01:45;0,108110883;0;0;0;0;0;0;0;0;0;0;0;0
04.07.2017 02:00;0,108110883;0;0;0;0;0;0;0;0;0;0;0;0
04.07.2017 02:15;0,108110883;0;0;0;0;0;0;0;0;0;0;0;0
04.07.2017 02:30;0,108110883;0;0;0;0;0;0;0;0;0;0;0;0
04.07.2017 02:45;0,108110883;0;0;0;0;0;0;0;0;0;0;0;0
04.07.2017 03:00;0,108110883;0;0;0;0;0;0;0;0;0;0;0;0
04.07.2017 03:15;0,108110883;0;0;0;0;0;0;0;0;0;0;0;0
04.07.2017 03:30;0,108110883;0;0;0;0;0;0;8,1;8,1;0;0;0;0
04.07.2017 03:45;0,108110883;0;0;2,569162996;0;2,569162996;0;8,1;8,1;0;0;0;0
04.07.2017 04:00;0,108110883;0;4,153846154;2,569162996;0;2,569162996;0;8,1;8,1;0;0;0;0
04.07.2017 04:15;0,108110883;0;4,153846154;2,569162996;0;2,569162996;0;8,1;8,1;0;0;0;0
04.07.2017 04:30;0,108110883;0;4,153846154;2,569162996;0;2,569162996;0;8,1;8,1;0;0;0;0
04.07.2017 04:45;0,108110883;0;4,153846154;2,569162996;0;2,569162996;0;8,1;8,1;0;0;0;0
04.07.2017 05:00;0,108110883;12,24;4,153846154;2,569162996;0;2,569162996;0;8,1;8,1;0;0;0;0
04.07.2017 05:15;0,108110883;12,24;4,153846154;12,21202014;0;2,569162996;9,642857143;8,1;8,1;0;0;0;0
04.07.2017 05:30;1,365007435;12,24;4,153846154;12,21202014;0;2,569162996;9,642857143;8,1;8,1;0;0;0;0
04.07.2017 05:45;9,049622819;12,24;4,153846154;12,21202014;0;2,569162996;9,642857143;8,1;8,1;0;0;0;0
04.07.2017 06:00;9,049622819;0;4,153846154;12,21202014;0;2,569162996;9,642857143;8,1;8,1;0;0;0;0
04.07.2017 06:15;9,049622819;0;0;12,21202014;0;2,569162996;9,642857143;8,1;8,1;0;0;0;0
04.07.2017 06:30;9,049622819;0;0;12,21202014;0;2,569162996;9,642857143;8,1;8,1;0;0;0;0
04.07.2017 06:45;9,049622819;0;0;12,21202014;0;2,569162996;9,642857143;0;0;0;0;0;0
04.07.2017 07:00;9,049622819;0;0;12,21202014;0;2,569162996;9,642857143;0;0;0;0;0;0
04.07.2017 07:15;1,365007435;0;0;12,21202014;0;2,569162996;9,642857143;0;0;0;0;0;0
04.07.2017 07:30;1,365007435;0;0;2,569162996;0;2,569162996;0;0;0;0;0;0;0
04.07.2017 07:45;1,365007435;0;0;2,569162996;0;2,569162996;0;0;0;0;0;0;0
04.07.2017 08:00;1,365007435;0;0;0;0;0;0;0;0;0;0;0;0
04.07.2017 08:15;1,365007435;0;0;0;0;0;0;0;0;0;0;0;0
04.07.2017 08:30;1,365007435;0;0;0;0;0;0;0;0;0;0;0;0
04.07.2017 08:45;1,365007435;0;0;0;0;0;0;0;0;0;0;0;0
04.07.2017 09:00;23,45591653;0;0;0;0;0;0;0;0;0;0;0;0
04.07.2017 09:15;23,45591653;0;0;0;0;0;0;0;0;0;0;0;0
04.07.2017 09:30;23,45591653;0;0;0;0;0;0;0;0;0;0;0;0
04.07.2017 09:45;25,61591653;0;0;0;0;0;0;0;0;0;0;0;0
04.07.2017 10:00;3,525007435;0;0;0;0;0;0;0;0;0;0;0;0
04.07.2017 10:15;3,525007435;0;0;0;0;0;0;0;0;0;0;0;0
04.07.2017 10:30;3,525007435;0;0;0;0;0;0;0;0;0;0;0;0
04.07.2017 10:45;3,525007435;0;4,180645161;0;0;0;0;0;0;0;0;0;0
04.07.2017 11:00;1,365007435;0;4,180645161;0;0;0;0;0;0;0;0;0;0
04.07.2017 11:15;1,365007435;0;4,180645161;0;0;0;0;0;0;0;0;0;0
04.07.2017 11:30;1,365007435;0;0;0;0;0;0;0;0;0;0;0;0
04.07.2017 11:45;1,365007435;0;0;0;0;0;0;0;0;0;0;0;0
04.07.2017 12:00;1,365007435;0;0;0;0;0;0;0;0;0;0;3,894629156;3,894629156
04.07.2017 12:15;1,365007435;0;0;0;0;0;0;8,052631579;0;8,052631579;0;3,894629156;3,894629156
04.07.2017 12:30;1,365007435;0;0;0;0;0;0;8,052631579;0;8,052631579;0;5,00891487;5,00891487
04.07.2017 12:45;1,365007435;0;0;0;0;0;0;8,052631579;0;8,052631579;0;5,00891487;5,00891487
04.07.2017 13:00;1,365007435;0;0;0;0;0;0;8,052631579;0;8,052631579;0;5,00891487;5,00891487
04.07.2017 13:15;1,365007435;0;0;0;0;0;0;8,052631579;0;8,052631579;0;5,00891487;5,00891487
04.07.2017 13:30;1,365007435;0;0;0;0;0;0;8,052631579;0;8,052631579;0;12,38891487;12,38891487
04.07.2017 13:45;1,365007435;0;0;0;0;0;0;8,052631579;0;8,052631579;0;12,38891487;12,38891487
04.07.2017 14:00;1,365007435;0;0;0;0;0;0;8,052631579;0;8,052631579;0;12,38891487;12,38891487
04.07.2017 14:15;1,256896552;0;0;0;0;0;0;8,052631579;0;8,052631579;0;12,38891487;12,38891487
04.07.2017 14:30;1,256896552;0;0;0;0;0;0;8,052631579;0;8,052631579;0;12,38891487;12,38891487
04.07.2017 14:45;1,256896552;0;0;0;0;0;0;8,052631579;0;8,052631579;0;12,38891487;12,38891487
04.07.2017 15:00;1,256896552;0;0;0;0;0;0;8,052631579;0;8,052631579;0;12,38891487;12,38891487
04.07.2017 15:15;1,256896552;0;0;0;0;0;0;0;0;0;0;12,38891487;12,38891487
04.07.2017 15:30;1,256896552;0;0;0;0;0;0;0;0;0;0;12,38891487;12,38891487
04.07.2017 15:45;1,256896552;0;0;0;0;0;0;0;0;0;0;11,27462916;11,27462916
04.07.2017 16:00;1,256896552;0;0;0;0;0;0;0;0;0;0;11,27462916;11,27462916
04.07.2017 16:15;1,256896552;0;0;0;0;0;0;0;0;0;0;11,27462916;11,27462916
04.07.2017 16:30;1,256896552;0;0;0;0;0;0;0;0;0;0;11,27462916;11,27462916
04.07.2017 16:45;1,256896552;0;0;0;0;0;0;0;0;0;0;3,894629156;3,894629156
04.07.2017 17:00;1,256896552;0;0;0;0;0;0;0;0;0;0;3,894629156;3,894629156
04.07.2017 17:15;0;0;0;0;0;0;0;0;0;0;0;3,894629156;3,894629156
04.07.2017 17:30;0;0;0;0;0;0;0;0;0;0;0;3,894629156;3,894629156
04.07.2017 17:45;0;0;0;0;0;0;0;0;0;0;0;3,894629156;3,894629156
04.07.2017 18:00;0;0;0;0;0;0;0;0;0;0;0;3,894629156;3,894629156
04.07.2017 18:15;0;0;0;0;0;0;0;0;0;0;0;3,894629156;3,894629156
04.07.2017 18:30;0;0;0;0;0;0;0;0;0;0;0;3,894629156;3,894629156
04.07.2017 18:45;0;0;0;0;0;0;0;0;0;0;0;0;0
04.07.2017 19:00;0;0;0;0;0;0;0;0;0;0;0;0;0
04.07.2017 19:15;0;0;0;0;0;0;0;0;0;0;0;0;0
04.07.2017 19:30;0;0;0;0;0;0;0;0;0;0;0;0;0
04.07.2017 19:45;0;0;0;0;0;0;0;0;0;0;0;0;0
04.07.2017 20:00;0;0;0;0;0;0;0;0;0;0;0;0;0
04.07.2017 20:15;0;0;0;0;0;0;0;0;0;0;0;0;0
04.07.2017 20:30;0;0;0;0;0;0;0;0;0;0;0;0;0
04.07.2017 20:45;0;0;0;0;0;0;0;0;0;0;0;0;0
04.07.2017 21:00;0;0;0;0;0;0;0;0;0;0;0;0;0
04.07.2017 21:15;0;0;0;0;0;0;0;0;0;0;0;0;0
04.07.2017 21:30;0;0;0;0;0;0;0;0;0;0;0;0;0
04.07.2017 21:45;0;0;0;6,106153846;0;6,106153846;0;0;0;0;0;0;0
04.07.2017 22:00;0;0;0;6,106153846;0;6,106153846;0;0;0;0;0;0;0
04.07.2017 22:15;0;0;0;6,106153846;0;6,106153846;0;0;0;0;0;0;0
04.07.2017 22:30;0;0;0;6,106153846;0;6,106153846;0;0;0;0;0;0;0
04.07.2017 22:45;0;0;0;6,106153846;0;6,106153846;0;0;0;0;0;0;0
04.07.2017 23:00;0;0;0;6,106153846;0;6,106153846;0;0;0;0;0;0;0
04.07.2017 23:15;0;0;0;6,106153846;0;6,106153846;0;0;0;0;0;0;0
04.07.2017 23:30;0;0;0;6,106153846;0;6,106153846;0;0;0;0;0;0;0
04.07.2017 23:45;0;0;0;6,106153846;0;6,106153846;0;0;0;0;0;0;0
05.07.2017 00:00;0;0;0;6,106153846;0;6,106153846;0;0;0;0;0;0;0
05.07.2017 00:15;0;0;0;0;0;0;0;0;0;0;0;0;0
05.07.2017 00:30;0;0;0;0;0;0;0;0;0;0;0;0;0
05.07.2017 00:45;0;0;0;0;0;0;0;0;0;0;0;0;0
05.07.2017 01:00;0;0;0;0;0;0;0;0;0;0;0;0;0
05.07.2017 01:15;0;0;0;0;0;0;0;0;0;0;0;0;0
05.07.2017 01:30;0;0;0;0;0;0;0;0;0;0;0;0;0
05.07.2017 01:45;0;0;0;0;0;0;0;0;0;0;0;0;0
05.07.2017 02:00;0;0;0;0;0;0;0;0;0;0;0;0;0
05.07.2017 02:15;0;0;0;0;0;0;0;0;0;0;0;0;0
05.07.2017 02:30;0;0;0;0;0;0;0;0;0;0;0;0;0
05.07.2017 02:45;0;0;0;0;0;0;0;0;0;0;0;0;0
05.07.2017 03:00;0;0;0;0;0;0;0;0;0;0;0;0;0
05.07.2017 03:15;0;0;0;0;0;0;0;0;0;0;0;0;0
05.07.2017 03:30;0;0;0;0;0;0;0;8,057142857;8,057142857;0;0;0;0
05.07.2017 03:45;0;0;0;2,538248848;0;0;2,538248848;8,057142857;8,057142857;0;0;0;0
05.07.2017 04:00;18,32459016;0;0;2,538248848;0;0;2,538248848;8,057142857;8,057142857;0;0;0;0
05.07.2017 04:15;22,55988428;0;0;2,538248848;0;0;2,538248848;14,03700863;14,03700863;0;0;0;0
05.07.2017 04:30;22,55988428;0;0;2,538248848;0;0;2,538248848;14,03700863;14,03700863;0;0;0;0
05.07.2017 04:45;30,65988428;0;0;2,538248848;0;0;2,538248848;14,03700863;14,03700863;0;0;0;0
05.07.2017 05:00;30,65988428;0;0;7,178449853;0;4,640201005;2,538248848;14,03700863;14,03700863;0;0;0;0
05.07.2017 05:15;12,33529412;0;0;7,178449853;0;4,640201005;2,538248848;21,40064499;14,03700863;7,363636364;0;10,28918919;10,28918919
05.07.2017 05:30;12,33529412;4,849342105;0;7,178449853;0;4,640201005;2,538248848;21,40064499;14,03700863;7,363636364;0;10,28918919;10,28918919
05.07.2017 05:45;12,33529412;4,849342105;0;7,178449853;0;4,640201005;2,538248848;21,40064499;14,03700863;7,363636364;0;10,28918919;10,28918919
05.07.2017 06:00;12,33529412;4,849342105;0;7,178449853;0;4,640201005;2,538248848;21,40064499;14,03700863;7,363636364;0;15,16352547;15,16352547
05.07.2017 06:15;12,33529412;4,849342105;0;7,178449853;0;4,640201005;2,538248848;21,40064499;14,03700863;7,363636364;0;15,16352547;15,16352547
05.07.2017 06:30;12,33529412;4,849342105;0;7,178449853;0;4,640201005;2,538248848;21,40064499;14,03700863;7,363636364;0;15,16352547;15,16352547
05.07.2017 06:45;12,33529412;4,849342105;0;7,178449853;0;4,640201005;2,538248848;21,40064499;14,03700863;7,363636364;0;15,16352547;15,16352547
05.07.2017 07:00;4,235294118;4,849342105;0;7,178449853;0;4,640201005;2,538248848;21,81902098;14,45538462;7,363636364;0;15,16352547;15,16352547
05.07.2017 07:15;4,235294118;4,849342105;0;7,178449853;0;4,640201005;2,538248848;21,81902098;14,45538462;7,363636364;0;15,16352547;15,16352547
05.07.2017 07:30;4,235294118;4,849342105;0;7,178449853;0;4,640201005;2,538248848;14,45538462;14,45538462;0;0;15,16352547;15,16352547
05.07.2017 07:45;4,235294118;4,849342105;0;4,640201005;0;4,640201005;0;14,45538462;14,45538462;0;0;15,16352547;15,16352547
05.07.2017 08:00;4,235294118;4,849342105;0;4,640201005;0;4,640201005;0;14,45538462;14,45538462;0;0;4,874336283;4,874336283
05.07.2017 08:15;4,235294118;4,849342105;0;4,640201005;0;4,640201005;0;0;0;0;0;0;0
05.07.2017 08:30;4,235294118;4,849342105;0;4,640201005;0;4,640201005;0;0;0;0;0;0;0
05.07.2017 08:45;13,49243697;4,849342105;0;0;0;0;0;0;0;0;0;0;0
05.07.2017 09:00;4,235294118;4,849342105;0;0;0;0;0;0;0;0;0;0;0
05.07.2017 09:15;4,235294118;4,849342105;0;0;0;0;0;0;0;0;0;0;0
05.07.2017 09:30;4,235294118;4,849342105;0;0;0;0;0;0;0;0;0;0;0
05.07.2017 09:45;0;4,849342105;0;0;0;0;0;0;0;0;0;0;0
05.07.2017 10:00;0;4,849342105;0;0;0;0;0;0;0;0;0;0;0
05.07.2017 10:15;2,209090909;4,849342105;0;0;0;0;0;7,02;7,02;0;0;0;0
05.07.2017 10:30;2,209090909;4,849342105;0;0;0;0;0;7,02;7,02;0;0;0;0
05.07.2017 10:45;2,209090909;0;0;0;0;0;0;7,02;7,02;0;0;0;0
05.07.2017 11:00;0;0;0;0;0;0;0;7,02;7,02;0;0;0;0
05.07.2017 11:15;0;0;0;0;0;0;0;7,02;7,02;0;0;0;0
05.07.2017 11:30;0;0;0;0;0;0;0;7,02;7,02;0;0;0;0
05.07.2017 11:45;0;0;0;0;0;0;0;7,02;7,02;0;0;0;0
05.07.2017 12:00;0;0;0;0;0;0;0;7,02;7,02;0;0;0;0
05.07.2017 12:15;0;0;0;0;0;0;0;7,02;7,02;0;0;0;0
05.07.2017 12:30;0;0;0;0;0;0;0;7,02;7,02;0;0;0;0
05.07.2017 12:45;5,890909091;0;6,075;0;0;0;0;7,02;7,02;0;0;0;0
05.07.2017 13:00;5,890909091;0;6,075;0;0;0;0;0;0;0;0;4,964516129;4,964516129
05.07.2017 13:15;5,890909091;0;6,075;0;0;0;0;0;0;0;0;4,964516129;4,964516129
05.07.2017 13:30;5,890909091;0;6,075;0;0;0;0;0;0;0;0;4,964516129;4,964516129
05.07.2017 13:45;5,890909091;0;6,075;0;0;0;0;0;0;0;0;4,964516129;4,964516129
05.07.2017 14:00;5,890909091;0;0;0;0;0;0;0;0;0;0;4,964516129;4,964516129
05.07.2017 14:15;5,890909091;0;0;0;0;0;0;0;0;0;0;4,964516129;4,964516129
05.07.2017 14:30;0;0;0;0;0;0;0;0;0;0;0;4,964516129;4,964516129
05.07.2017 14:45;0;0;0;0;0;0;0;0;0;0;0;4,964516129;4,964516129
05.07.2017 15:00;0;0;0;0;0;0;0;0;0;0;0;4,964516129;4,964516129
05.07.2017 15:15;0;0;0;0;0;0;0;0;0;0;0;0;0
05.07.2017 15:30;0;0;0;0;0;0;0;0;0;0;0;0;0
05.07.2017 15:45;0;0;0;0;0;0;0;0;0;0;0;0;0
05.07.2017 16:00;0;0;0;0;0;0;0;0;0;0;0;0;0
05.07.2017 16:15;0;0;0;0;0;0;0;0;0;0;0;0;0
05.07.2017 16:30;0;0;0;0;0;0;0;0;0;0;0;0;0
05.07.2017 16:45;0;0;0;0;0;0;0;0;0;0;0;0;0
05.07.2017 17:00;0;0;0;0;0;0;0;0;0;0;0;0;0
05.07.2017 17:15;0;0;0;0;0;0;0;0;0;0;0;0;0
05.07.2017 17:30;0;0;0;0;0;0;0;0;0;0;0;0;0
05.07.2017 17:45;0;0;0;0;0;0;0;0;0;0;0;0;0
05.07.2017 18:00;0;0;0;0;0;0;0;0;0;0;0;0;0
05.07.2017 18:15;0;0;0;0;0;0;0;0;0;0;0;0;0
05.07.2017 18:30;0;0;0;0;0;0;0;0;0;0;0;0;0
05.07.2017 18:45;0;0;0;0;0;0;0;0;0;0;0;0;0
05.07.2017 19:00;0;0;0;0;0;0;0;0;0;0;0;0;0
05.07.2017 19:15;0;0;0;0;0;0;0;0;0;0;0;0;0
05.07.2017 19:30;0;0;0;0;0;0;0;0;0;0;0;0;0
05.07.2017 19:45;0;0;0;0;0;0;0;0;0;0;0;0;0
05.07.2017 20:00;0;0;0;0;0;0;0;0;0;0;0;0;0
05.07.2017 20:15;0;0;0;0;0;0;0;0;0;0;0;0;0
05.07.2017 20:30;0;0;0;0;0;0;0;0;0;0;0;0;0
05.07.2017 20:45;0;0;0;0;0;0;0;0;0;0;0;0;0
05.07.2017 21:00;0;0;0;0;0;0;0;0;0;0;0;0;0
05.07.2017 21:15;0;0;0;0;0;0;0;0;0;0;0;0;0
05.07.2017 21:30;0;0;0;0;0;0;0;0;0;0;0;0;0
05.07.2017 21:45;0;0;0;0;0;0;0;0;0;0;0;0;0
05.07.2017 22:00;0;0;0;0;0;0;0;0;0;0;0;0;0
05.07.2017 22:15;0;0;0;0;0;0;0;0;0;0;0;0;0
05.07.2017 22:30;0;0;0;0;0;0;0;0;0;0;0;0;0
05.07.2017 22:45;0;0;0;0;0;0;0;0;0;0;0;0;0
05.07.2017 23:00;0;0;0;0;0;0;0;0;0;0;0;0;0
05.07.2017 23:15;0;0;0;0;0;0;0;0;0;0;0;0;0
05.07.2017 23:30;0;0;0;0;0;0;0;0;0;0;0;0;0
05.07.2017 23:45;0;0;0;0;0;0;0;0;0;0;0;0;0
06.07.2017 00:00;0;0;0;0;0;0;0;0;0;0;0;0;0
06.07.2017 00:15;0;0;0;0;0;0;0;0;0;0;0;0;0
06.07.2017 00:30;0;0;0;0;0;0;0;0;0;0;0;0;0
06.07.2017 00:45;0;0;0;0;0;0;0;0;0;0;0;0;0
06.07.2017 01:00;0;0;0;0;0;0;0;0;0;0;0;0;0
06.07.2017 01:15;0;0;0;0;0;0;0;0;0;0;0;0;0
06.07.2017 01:30;0;0;0;0;0;0;0;0;0;0;0;0;0
06.07.2017 01:45;0;0;0;0;0;0;0;0;0;0;0;0;0
06.07.2017 02:00;0;0;0;0;0;0;0;0;0;0;0;0;0
06.07.2017 02:15;0;0;0;0;0;0;0;0;0;0;0;0;0
06.07.2017 02:30;0;0;0;0;0;0;0;0;0;0;0;0;0
06.07.2017 02:45;0;0;0;0;0;0;0;0;0;0;0;0;0
06.07.2017 03:00;0;0;0;0;0;0;0;0;0;0;0;0;0
06.07.2017 03:15;0;0;0;0;0;0;0;8,189010989;8,189010989;0;0;0;0
06.07.2017 03:30;0;0;0;0;0;0;0;8,189010989;8,189010989;0;0;0;0
06.07.2017 03:45;0;0;0;2,542600897;0;0;2,542600897;8,189010989;8,189010989;0;0;0;0
06.07.2017 04:00;0;0;0;2,542600897;0;0;2,542600897;15,8425543;8,189010989;7,653543307;0;0;0
06.07.2017 04:15;0;0;0;2,542600897;0;0;2,542600897;15,8425543;8,189010989;7,653543307;0;0;0
06.07.2017 04:30;0;0;0;2,542600897;0;0;2,542600897;15,8425543;8,189010989;7,653543307;0;0;0
06.07.2017 04:45;0;0;0;2,542600897;0;0;2,542600897;23,79704532;16,14350201;7,653543307;0;0;0
06.07.2017 05:00;0;0;0;2,542600897;0;0;2,542600897;27,74826483;16,14350201;11,60476282;0;15,31232877;15,31232877
06.07.2017 05:15;0;7,466086957;0;2,542600897;0;0;2,542600897;27,74826483;16,14350201;11,60476282;0;15,31232877;15,31232877
06.07.2017 05:30;0;7,466086957;0;2,542600897;0;0;2,542600897;27,74826483;16,14350201;11,60476282;0;15,31232877;15,31232877
06.07.2017 05:45;0;7,466086957;8,147368421;2,542600897;0;0;2,542600897;27,74826483;16,14350201;11,60476282;0;15,31232877;15,31232877
06.07.2017 06:00;0;7,466086957;8,147368421;2,542600897;0;0;2,542600897;27,74826483;16,14350201;11,60476282;0;15,31232877;15,31232877
06.07.2017 06:15;3,658064516;7,466086957;8,147368421;2,542600897;0;0;2,542600897;27,74826483;16,14350201;11,60476282;0;0;0
06.07.2017 06:30;3,658064516;7,466086957;8,147368421;2,542600897;0;0;2,542600897;11,90571053;7,954491018;3,951219512;0;0;0
06.07.2017 06:45;3,658064516;7,466086957;8,147368421;2,542600897;0;0;2,542600897;11,90571053;7,954491018;3,951219512;0;0;0
06.07.2017 07:00;5,4;7,466086957;8,147368421;2,542600897;0;0;2,542600897;11,90571053;7,954491018;3,951219512;0;0;0
06.07.2017 07:15;5,4;7,466086957;8,147368421;2,542600897;0;0;2,542600897;11,90571053;7,954491018;3,951219512;0;0;0
06.07.2017 07:30;5,4;0;8,147368421;2,542600897;0;0;2,542600897;7,954491018;7,954491018;0;0;0;0
06.07.2017 07:45;5,4;0;8,147368421;0;0;0;0;0;0;0;0;0;0
06.07.2017 08:00;5,4;0;8,147368421;0;0;0;0;0;0;0;0;0;0
06.07.2017 08:15;5,4;0;8,147368421;0;0;0;0;0;0;0;0;0;0
06.07.2017 08:30;5,4;0;8,147368421;0;0;0;0;0;0;0;0;0;0
06.07.2017 08:45;5,4;0;0;0;0;0;0;0;0;0;0;0;0
06.07.2017 09:00;5,4;0;0;0;0;0;0;0;0;0;0;0;0
06.07.2017 09:15;5,4;0;0;0;0;0;0;0;0;0;0;0;0
06.07.2017 09:30;5,4;0;0;0;0;0;0;0;0;0;0;0;0
06.07.2017 09:45;5,4;0;0;0;0;0;0;0;0;0;0;0;0
06.07.2017 10:00;5,4;0;0;0;0;0;0;0;0;0;0;0;0
06.07.2017 10:15;5,4;0;0;0;0;0;0;0;0;0;0;11,57142857;11,57142857
06.07.2017 10:30;5,4;0;0;0;0;0;0;0;0;0;0;11,57142857;11,57142857
06.07.2017 10:45;0;0;0;0;0;0;0;0;0;0;0;11,57142857;11,57142857
06.07.2017 11:00;7,714285714;0;0;0;0;0;0;0;0;0;0;11,57142857;11,57142857
06.07.2017 11:15;7,714285714;0;0;0;0;0;0;0;0;0;0;11,57142857;11,57142857
06.07.2017 11:30;0;0;0;0;0;0;0;0;0;0;0;11,57142857;11,57142857
06.07.2017 11:45;0;0;0;0;0;0;0;0;0;0;0;0;0
06.07.2017 12:00;0;0;0;0;0;0;0;0;0;0;0;0;0
06.07.2017 12:15;0;0;0;0;0;0;0;0;0;0;0;0;0
06.07.2017 12:30;0;0;0;0;0;0;0;8,1;0;8,1;0;0;0
06.07.2017 12:45;4,514754098;0;0;0;0;0;0;8,1;0;8,1;0;0;0
06.07.2017 13:00;4,514754098;0;0;0;0;0;0;8,1;0;8,1;0;0;0
06.07.2017 13:15;4,514754098;0;0;0;0;0;0;8,1;0;8,1;0;0;0
06.07.2017 13:30;4,514754098;0;0;0;0;0;0;8,1;0;8,1;0;0;0
06.07.2017 13:45;4,514754098;0;0;0;0;0;0;8,1;0;8,1;0;0;0
06.07.2017 14:00;4,226086957;0;0;0;0;0;0;8,1;0;8,1;0;0;0
06.07.2017 14:15;4,226086957;0;0;0;0;0;0;8,1;0;8,1;0;0;0
06.07.2017 14:30;4,226086957;0;0;0;0;0;0;8,1;0;8,1;0;0;0
06.07.2017 14:45;4,226086957;0;0;0;0;0;0;8,1;0;8,1;0;4,73258427;4,73258427
06.07.2017 15:00;0;0;0;0;0;0;0;8,1;0;8,1;0;4,73258427;4,73258427
06.07.2017 15:15;0;0;0;0;0;0;0;0;0;0;0;4,73258427;4,73258427
06.07.2017 15:30;0;0;0;0;0;0;0;0;0;0;0;4,73258427;4,73258427
06.07.2017 15:45;0;0;0;0;0;0;0;0;0;0;0;4,73258427;4,73258427
06.07.2017 16:00;0;0;0;0;0;0;0;0;0;0;0;4,73258427;4,73258427
06.07.2017 16:15;0;0;0;0;0;0;0;0;0;0;0;4,73258427;4,73258427
06.07.2017 16:30;0;0;0;0;0;0;0;0;0;0;0;0;0
06.07.2017 16:45;0;0;0;0;0;0;0;0;0;0;0;0;0
06.07.2017 17:00;0;0;0;0;0;0;0;0;0;0;0;0;0
06.07.2017 17:15;0;0;0;0;0;0;0;0;0;0;0;0;0
06.07.2017 17:30;0;0;0;0;0;0;0;0;0;0;0;0;0
06.07.2017 17:45;0;0;0;0;0;0;0;0;0;0;0;0;0
06.07.2017 18:00;2,627027027;0;0;0;0;0;0;0;0;0;0;0;0
06.07.2017 18:15;2,627027027;0;0;0;0;0;0;0;0;0;0;0;0
06.07.2017 18:30;2,627027027;0;0;0;0;0;0;0;0;0;0;0;0
06.07.2017 18:45;2,627027027;0;0;0;0;0;0;0;0;0;0;0;0
06.07.2017 19:00;2,627027027;0;0;0;0;0;0;0;0;0;0;0;0
06.07.2017 19:15;2,627027027;0;0;0;0;0;0;0;0;0;0;0;0
06.07.2017 19:30;2,627027027;0;0;0;0;0;0;0;0;0;0;0;0
06.07.2017 19:45;2,627027027;0;0;0;0;0;0;0;0;0;0;0;0
06.07.2017 20:00;2,627027027;0;0;0;0;0;0;0;0;0;0;0;0
06.07.2017 20:15;2,627027027;0;0;0;0;0;0;0;0;0;0;0;0
06.07.2017 20:30;2,627027027;0;0;0;0;0;0;0;0;0;0;0;0
06.07.2017 20:45;2,627027027;0;0;0;0;0;0;0;0;0;0;0;0
06.07.2017 21:00;2,627027027;0;0;0;0;0;0;0;0;0;0;0;0
06.07.2017 21:15;2,627027027;0;0;0;0;0;0;0;0;0;0;0;0
06.07.2017 21:30;2,627027027;0;0;0;0;0;0;0;0;0;0;0;0
06.07.2017 21:45;2,627027027;0;0;0;0;0;0;0;0;0;0;0;0
06.07.2017 22:00;2,627027027;0;0;0;0;0;0;0;0;0;0;0;0
06.07.2017 22:15;2,627027027;0;0;0;0;0;0;0;0;0;0;0;0
06.07.2017 22:30;2,627027027;0;0;0;0;0;0;0;0;0;0;0;0
06.07.2017 22:45;0;0;0;0;0;0;0;0;0;0;0;0;0
06.07.2017 23:00;0;0;0;0;0;0;0;0;0;0;0;0;0
06.07.2017 23:15;0;0;0;0;0;0;0;1,157142857;0;1,157142857;0;0;0
06.07.2017 23:30;0;0;0;0;0;0;0;1,157142857;0;1,157142857;0;0;0
06.07.2017 23:45;0;0;0;0;0;0;0;1,157142857;0;1,157142857;0;0;0
07.07.2017 00:00;0;0;0;0;0;0;0;1,157142857;0;1,157142857;0;0;0
07.07.2017 00:15;0;0;0;0;0;0;0;0;0;0;0;0;0
07.07.2017 00:30;0;0;0;0;0;0;0;0;0;0;0;0;0
07.07.2017 00:45;0;0;0;0;0;0;0;0;0;0;0;0;0
07.07.2017 01:00;0;0;0;0;0;0;0;0;0;0;0;0;0
07.07.2017 01:15;0;0;0;0;0;0;0;0;0;0;0;0;0
07.07.2017 01:30;0;0;0;0;0;0;0;0;0;0;0;0;0
07.07.2017 01:45;0;0;0;0;0;0;0;0;0;0;0;0;0
07.07.2017 02:00;0;0;0;0;0;0;0;0;0;0;0;0;0
07.07.2017 02:15;0;0;0;0;0;0;0;0;0;0;0;0;0
07.07.2017 02:30;0;0;0;0;0;0;0;0;0;0;0;0;0
07.07.2017 02:45;0;0;0;0;0;0;0;0;0;0;0;0;0
07.07.2017 03:00;0;0;0;0;0;0;0;0;0;0;0;0;0
07.07.2017 03:15;0;0;0;0;0;0;0;0;0;0;0;0;0
07.07.2017 03:30;0;0;0;0;0;0;0;0;0;0;0;0;0
07.07.2017 03:45;0;0;0;2,620588235;2,620588235;0;0;0;0;0;0;0;0
07.07.2017 04:00;0;0;0;2,620588235;2,620588235;0;0;0;0;0;0;0;0
07.07.2017 04:15;0;0;0;2,620588235;2,620588235;0;0;0;0;0;0;0;0
07.07.2017 04:30;0,050271528;0;0;18,82058824;10,72058824;8,1;0;0;0;0;0;0;0
07.07.2017 04:45;0,050271528;0;0;23,49;15,39;8,1;0;0;0;0;0;0;0
07.07.2017 05:00;0,050271528;0;0;23,49;15,39;8,1;0;0;0;0;0;5,13;5,13
07.07.2017 05:15;0,050271528;0;0;23,49;15,39;8,1;0;0;0;0;0;5,13;5,13
07.07.2017 05:30;0,050271528;0;0;23,49;15,39;8,1;0;0;0;0;0;5,13;5,13
07.07.2017 05:45;0,050271528;0;0;36,36692308;28,26692308;8,1;0;0;0;0;0;5,13;5,13
07.07.2017 06:00;0,050271528;0;5,020447284;36,36692308;28,26692308;8,1;0;0;0;0;0;5,13;5,13
07.07.2017 06:15;0,050271528;0;5,020447284;36,36692308;28,26692308;8,1;0;0;0;0;0;0;0
07.07.2017 06:30;0,050271528;0;5,020447284;36,36692308;28,26692308;8,1;0;0;0;0;0;0;0
07.07.2017 06:45;0,050271528;0;5,020447284;36,36692308;28,26692308;8,1;0;0;0;0;0;0;0
07.07.2017 07:00;0,050271528;0;5,020447284;36,36692308;28,26692308;8,1;0;0;0;0;0;0;0
07.07.2017 07:15;0,050271528;12,61894737;5,020447284;36,36692308;28,26692308;8,1;0;0;0;0;0;0;0
07.07.2017 07:30;0,050271528;12,61894737;5,020447284;36,36692308;28,26692308;8,1;0;0;0;0;0;0;0
07.07.2017 07:45;0,050271528;12,61894737;5,020447284;31,69751131;23,59751131;8,1;0;0;0;0;0;2,025;2,025
07.07.2017 08:00;0,050271528;12,61894737;5,020447284;2,620588235;2,620588235;0;0;0;0;0;0;2,025;2,025
07.07.2017 08:15;6,106346295;12,61894737;5,020447284;2,620588235;2,620588235;0;0;0;0;0;0;2,025;2,025
07.07.2017 08:30;6,106346295;12,61894737;5,020447284;2,620588235;2,620588235;0;0;0;0;0;0;0;0
07.07.2017 08:45;6,106346295;12,61894737;5,020447284;0;0;0;0;0;0;0;0;0;0
07.07.2017 09:00;6,106346295;12,61894737;5,020447284;0;0;0;0;0;0;0;0;0;0
07.07.2017 09:15;6,106346295;0;5,020447284;0;0;0;0;0;0;0;0;0;0
07.07.2017 09:30;6,106346295;0;5,020447284;0;0;0;0;0;0;0;0;0;0
07.07.2017 09:45;12,84554629;0;5,020447284;0;0;0;0;0;0;0;0;4,38084507;4,38084507
07.07.2017 10:00;12,84554629;0;5,020447284;0;0;0;0;0;0;0;0;4,38084507;4,38084507
07.07.2017 10:15;12,84554629;0;5,020447284;0;0;0;0;0;0;0;0;4,38084507;4,38084507
07.07.2017 10:30;12,84554629;0;5,020447284;0;0;0;0;0;0;0;0;13,16019991;13,16019991
07.07.2017 10:45;12,84554629;0;9,467506108;0;0;0;0;0;0;0;0;13,16019991;13,16019991
07.07.2017 11:00;12,84554629;0;9,467506108;0;0;0;0;0;0;0;0;13,16019991;13,16019991
07.07.2017 11:15;12,84554629;0;9,467506108;0;0;0;0;0;0;0;0;13,16019991;13,16019991
07.07.2017 11:30;12,84554629;0;4,447058824;0;0;0;0;0;0;0;0;13,16019991;13,16019991
07.07.2017 11:45;12,84554629;0;0;0;0;0;0;0;0;0;0;13,16019991;13,16019991
07.07.2017 12:00;0,050271528;0;0;0;0;0;0;7,643661972;0;0;7,643661972;13,16019991;13,16019991
07.07.2017 12:15;0,050271528;0;0;0;0;0;0;7,643661972;0;0;7,643661972;13,16019991;13,16019991
07.07.2017 12:30;0,050271528;0;0;0;0;0;0;7,643661972;0;0;7,643661972;13,16019991;13,16019991
07.07.2017 12:45;0,050271528;0;0;0;0;0;0;7,643661972;0;0;7,643661972;13,16019991;13,16019991
07.07.2017 13:00;3,788733067;0;0;0;0;0;0;7,643661972;0;0;7,643661972;13,16019991;13,16019991
07.07.2017 13:15;3,788733067;0;0;0;0;0;0;7,643661972;0;0;7,643661972;13,16019991;13,16019991
07.07.2017 13:30;0,050271528;0;0;0;0;0;0;7,643661972;0;0;7,643661972;13,16019991;13,16019991
07.07.2017 13:45;0,050271528;0;0;0;0;0;0;7,643661972;0;0;7,643661972;13,16019991;13,16019991
07.07.2017 14:00;0,050271528;0;0;0;0;0;0;7,643661972;0;0;7,643661972;6,54084507;6,54084507
07.07.2017 14:15;0,050271528;0;0;0;0;0;0;7,643661972;0;0;7,643661972;6,54084507;6,54084507
07.07.2017 14:30;0,050271528;0;0;0;0;0;0;7,643661972;0;0;7,643661972;6,54084507;6,54084507
07.07.2017 14:45;0,050271528;0;0;0;0;0;0;0;0;0;0;6,54084507;6,54084507
07.07.2017 15:00;0,050271528;0;0;0;0;0;0;0;0;0;0;6,54084507;6,54084507
07.07.2017 15:15;0,050271528;0;0;0;0;0;0;0;0;0;0;6,54084507;6,54084507
07.07.2017 15:30;0,050271528;0;0;0;0;0;0;0;0;0;0;6,54084507;6,54084507
07.07.2017 15:45;0,050271528;0;0;0;0;0;0;0;0;0;0;6,54084507;6,54084507
07.07.2017 16:00;0,050271528;0;0;0;0;0;0;0;0;0;0;2,16;2,16
07.07.2017 16:15;0,050271528;0;0;0;0;0;0;0;0;0;0;2,16;2,16
07.07.2017 16:30;0,050271528;0;0;0;0;0;0;0;0;0;0;2,16;2,16
07.07.2017 16:45;0,050271528;0;0;0;0;0;0;0;0;0;0;2,16;2,16
07.07.2017 17:00;0,050271528;0;0;0;0;0;0;0;0;0;0;2,16;2,16
07.07.2017 17:15;0,050271528;0;0;0;0;0;0;0;0;0;0;2,16;2,16
07.07.2017 17:30;0,050271528;0;0;0;0;0;0;0;0;0;0;2,16;2,16
07.07.2017 17:45;0,050271528;0;0;0;0;0;0;0;0;0;0;2,16;2,16
07.07.2017 18:00;0,050271528;0;0;0;0;0;0;0;0;0;0;2,16;2,16
07.07.2017 18:15;0,050271528;0;0;0;0;0;0;0;0;0;0;2,16;2,16
07.07.2017 18:30;0,050271528;0;0;0;0;0;0;0;0;0;0;2,16;2,16
07.07.2017 18:45;0,050271528;0;0;0;0;0;0;0;0;0;0;2,16;2,16
07.07.2017 19:00;0,050271528;0;0;0;0;0;0;0;0;0;0;2,16;2,16
07.07.2017 19:15;0,050271528;0;0;0;0;0;0;0;0;0;0;2,16;2,16
07.07.2017 19:30;0,050271528;0;0;0;0;0;0;0;0;0;0;2,16;2,16
07.07.2017 19:45;0,050271528;0;0;0;0;0;0;0;0;0;0;2,16;2,16
07.07.2017 20:00;0,050271528;0;0;0;0;0;0;0;0;0;0;2,16;2,16
07.07.2017 20:15;0,050271528;0;0;0;0;0;0;0;0;0;0;2,16;2,16
07.07.2017 20:30;0,050271528;0;0;0;0;0;0;0;0;0;0;0;0
07.07.2017 20:45;0,050271528;0;0;0;0;0;0;0;0;0;0;0;0
07.07.2017 21:00;0,050271528;0;0;0;0;0;0;0;0;0;0;0;0
07.07.2017 21:15;0,050271528;0;0;0;0;0;0;0;0;0;0;0;0
07.07.2017 21:30;0,050271528;0;0;0;0;0;0;0;0;0;0;0;0
07.07.2017 21:45;0,050271528;0;0;0;0;0;0;0;0;0;0;0;0
07.07.2017 22:00;0,050271528;0;0;0;0;0;0;0;0;0;0;0;0
07.07.2017 22:15;0,050271528;0;0;0;0;0;0;0;0;0;0;0;0
07.07.2017 22:30;0,050271528;0;0;0;0;0;0;0;0;0;0;0;0
07.07.2017 22:45;0,050271528;0;0;0;0;0;0;0;0;0;0;0;0
07.07.2017 23:00;0,050271528;0;0;0;0;0;0;0;0;0;0;0;0
07.07.2017 23:15;0,050271528;0;0;0;0;0;0;0;0;0;0;0;0
07.07.2017 23:30;0,050271528;0;0;0;0;0;0;0;0;0;0;0;0
07.07.2017 23:45;0,050271528;0;0;0;0;0;0;0;0;0;0;0;0
08.07.2017 00:00;0,050271528;0;0;0;0;0;0;0;0;0;0;0;0
08.07.2017 00:15;0,050271528;0;0;0;0;0;0;0;0;0;0;0;0
08.07.2017 00:30;0,050271528;0;0;0;0;0;0;5,237593985;5,237593985;0;0;0;0
08.07.2017 00:45;0,050271528;0;0;0;0;0;0;5,237593985;5,237593985;0;0;0;0
08.07.2017 01:00;0,050271528;0;0;0;0;0;0;5,237593985;5,237593985;0;0;0;0
08.07.2017 01:15;0,050271528;0;0;0;0;0;0;5,237593985;5,237593985;0;0;0;0
08.07.2017 01:30;0,050271528;0;0;0;0;0;0;5,237593985;5,237593985;0;0;0;0
08.07.2017 01:45;0,050271528;0;0;0;0;0;0;5,237593985;5,237593985;0;0;0;0
08.07.2017 02:00;0,050271528;0;0;0;0;0;0;5,237593985;5,237593985;0;0;0;0
08.07.2017 02:15;0,050271528;0;0;0;0;0;0;5,237593985;5,237593985;0;0;0;0
08.07.2017 02:30;0,050271528;0;0;0;0;0;0;5,237593985;5,237593985;0;0;0;0
08.07.2017 02:45;0,050271528;0;0;0;0;0;0;5,237593985;5,237593985;0;0;0;0
08.07.2017 03:00;0,050271528;0;0;0;0;0;0;0;0;0;0;0;0
08.07.2017 03:15;0,050271528;0;0;0;0;0;0;0;0;0;0;0;0
08.07.2017 03:30;0,050271528;0;0;0;0;0;0;0;0;0;0;0;0
08.07.2017 03:45;0,050271528;0;0;0;0;0;0;0;0;0;0;0;0
08.07.2017 04:00;0,050271528;0;20,59714286;0;0;0;0;0;0;0;0;0;0
08.07.2017 04:15;0,050271528;0;20,59714286;0;0;0;0;0;0;0;0;0;0
08.07.2017 04:30;0,050271528;0;20,59714286;0;0;0;0;0;0;0;0;0;0
08.07.2017 04:45;0,050271528;0;20,59714286;0;0;0;0;0;0;0;0;0;0
08.07.2017 05:00;0,050271528;0;20,59714286;0;0;0;0;0;0;0;0;0;0
08.07.2017 05:15;0,050271528;0;20,59714286;0;0;0;0;0;0;0;0;0;0
08.07.2017 05:30;0,050271528;0;0;0;0;0;0;0;0;0;0;0;0
08.07.2017 05:45;0,050271528;0;0;0;0;0;0;0;0;0;0;0;0
08.07.2017 06:00;0,050271528;0;0;0;0;0;0;0;0;0;0;0;0
08.07.2017 06:15;0,050271528;0;0;0;0;0;0;0;0;0;0;0;0
08.07.2017 06:30;0,050271528;0;0;0;0;0;0;0;0;0;0;0;0
08.07.2017 06:45;0,050271528;0;0;0;0;0;0;0;0;0;0;0;0
08.07.2017 07:00;0,050271528;0;0;0;0;0;0;0;0;0;0;0;0
08.07.2017 07:15;0,050271528;0;0;0;0;0;0;0;0;0;0;0;0
08.07.2017 07:30;0,050271528;0;0;0;0;0;0;0;0;0;0;0;0
08.07.2017 07:45;0,050271528;0;0;0;0;0;0;0;0;0;0;0;0
08.07.2017 08:00;0,050271528;0;0;0;0;0;0;0;0;0;0;0;0
08.07.2017 08:15;0,050271528;0;0;0;0;0;0;0;0;0;0;0;0
08.07.2017 08:30;0,050271528;0;0;0;0;0;0;0;0;0;0;0;0
08.07.2017 08:45;0,050271528;0;0;0;0;0;0;0;0;0;0;0;0
08.07.2017 09:00;0,050271528;0;0;0;0;0;0;0;0;0;0;0;0
08.07.2017 09:15;0,050271528;0;0;0;0;0;0;0;0;0;0;0;0
08.07.2017 09:30;0,050271528;0;0;0;0;0;0;0;0;0;0;0;0
08.07.2017 09:45;0,050271528;0;0;0;0;0;0;0;0;0;0;0;0
08.07.2017 10:00;0,050271528;0;0;0;0;0;0;0;0;0;0;0;0
08.07.2017 10:15;0,050271528;0;0;0;0;0;0;0;0;0;0;0;0
08.07.2017 10:30;0,050271528;0;0;0;0;0;0;0;0;0;0;0;0
08.07.2017 10:45;0,050271528;0;0;0;0;0;0;0;0;0;0;0;0
08.07.2017 11:00;0,050271528;0;0;0;0;0;0;0;0;0;0;0;0
08.07.2017 11:15;0,050271528;0;0;0;0;0;0;0;0;0;0;0;0
08.07.2017 11:30;0,050271528;0;0;0;0;0;0;0;0;0;0;0;0
08.07.2017 11:45;0,050271528;0;0;0;0;0;0;0;0;0;0;0;0
08.07.2017 12:00;0,050271528;0;0;0;0;0;0;0;0;0;0;0;0
08.07.2017 12:15;0,050271528;0;0;0;0;0;0;0;0;0;0;0;0
08.07.2017 12:30;0,050271528;0;0;0;0;0;0;0;0;0;0;0;0
08.07.2017 12:45;0,050271528;0;0;0;0;0;0;0;0;0;0;0;0
08.07.2017 13:00;0,050271528;0;0;0;0;0;0;0;0;0;0;0;0
08.07.2017 13:15;0,050271528;0;0;0;0;0;0;0;0;0;0;0;0
08.07.2017 13:30;0,050271528;0;0;0;0;0;0;0;0;0;0;0;0
08.07.2017 13:45;0,050271528;0;0;0;0;0;0;0;0;0;0;0;0
08.07.2017 14:00;0,050271528;0;0;0;0;0;0;0;0;0;0;0;0
08.07.2017 14:15;0,050271528;0;0;0;0;0;0;0;0;0;0;0;0
08.07.2017 14:30;0,050271528;0;0;0;0;0;0;0;0;0;0;0;0
08.07.2017 14:45;0,050271528;0;0;0;0;0;0;0;0;0;0;0;0
08.07.2017 15:00;0,050271528;0;0;0;0;0;0;0;0;0;0;0;0
08.07.2017 15:15;0,050271528;0;0;0;0;0;0;0;0;0;0;0;0
08.07.2017 15:30;0,050271528;0;0;0;0;0;0;0;0;0;0;0;0
08.07.2017 15:45;0,050271528;0;0;0;0;0;0;0;0;0;0;0;0
08.07.2017 16:00;0,050271528;0;0;0;0;0;0;0;0;0;0;0;0
08.07.2017 16:15;0,050271528;0;0;0;0;0;0;0;0;0;0;0;0
08.07.2017 16:30;0,050271528;0;0;1,916129032;0;0;1,916129032;0;0;0;0;0;0
08.07.2017 16:45;0,050271528;0;0;1,916129032;0;0;1,916129032;0;0;0;0;0;0
08.07.2017 17:00;0,050271528;0;0;1,916129032;0;0;1,916129032;0;0;0;0;0;0
08.07.2017 17:15;0,050271528;0;0;1,916129032;0;0;1,916129032;0;0;0;0;0;0
08.07.2017 17:30;0,050271528;0;0;1,916129032;0;0;1,916129032;0;0;0;0;0;0
08.07.2017 17:45;0,050271528;0;0;1,916129032;0;0;1,916129032;0;0;0;0;0;0
08.07.2017 18:00;0,050271528;0;0;1,916129032;0;0;1,916129032;0;0;0;0;0;0
08.07.2017 18:15;0,050271528;0;0;1,916129032;0;0;1,916129032;0;0;0;0;0;0
08.07.2017 18:30;0,050271528;0;0;1,916129032;0;0;1,916129032;0;0;0;0;0;0
08.07.2017 18:45;0,050271528;0;0;1,916129032;0;0;1,916129032;0;0;0;0;0;0
08.07.2017 19:00;0,050271528;0;0;1,916129032;0;0;1,916129032;0;0;0;0;0;0
08.07.2017 19:15;0,050271528;0;0;1,916129032;0;0;1,916129032;0;0;0;0;0;0
08.07.2017 19:30;0,050271528;0;0;1,916129032;0;0;1,916129032;0;0;0;0;0;0
08.07.2017 19:45;0,050271528;0;0;1,916129032;0;0;1,916129032;0;0;0;0;0;0
08.07.2017 20:00;0,050271528;0;0;1,916129032;0;0;1,916129032;0;0;0;0;0;0
08.07.2017 20:15;0,050271528;0;0;1,916129032;0;0;1,916129032;0;0;0;0;0;0
08.07.2017 20:30;0,050271528;0;0;1,916129032;0;0;1,916129032;0;0;0;0;0;0
08.07.2017 20:45;0,050271528;0;0;1,916129032;0;0;1,916129032;6,631088083;0;6,631088083;0;0;0
08.07.2017 21:00;0,050271528;0;0;1,916129032;0;0;1,916129032;6,631088083;0;6,631088083;0;0;0
08.07.2017 21:15;0,050271528;0;0;1,916129032;0;0;1,916129032;6,631088083;0;6,631088083;0;0;0
08.07.2017 21:30;0,050271528;0;0;1,916129032;0;0;1,916129032;6,631088083;0;6,631088083;0;0;0
08.07.2017 21:45;0,050271528;0;0;1,916129032;0;0;1,916129032;6,631088083;0;6,631088083;0;0;0
08.07.2017 22:00;0,050271528;0;0;1,916129032;0;0;1,916129032;6,631088083;0;6,631088083;0;0;0
08.07.2017 22:15;0,050271528;0;0;1,916129032;0;0;1,916129032;6,631088083;0;6,631088083;0;0;0
08.07.2017 22:30;0,050271528;0;0;1,916129032;0;0;1,916129032;6,631088083;0;6,631088083;0;0;0
08.07.2017 22:45;0,050271528;0;0;1,916129032;0;0;1,916129032;6,631088083;0;6,631088083;0;0;0
08.07.2017 23:00;0,050271528;0;0;1,916129032;0;0;1,916129032;6,631088083;0;6,631088083;0;0;0
08.07.2017 23:15;0,050271528;0;0;1,916129032;0;0;1,916129032;6,631088083;0;6,631088083;0;0;0
08.07.2017 23:30;0,050271528;0;0;1,916129032;0;0;1,916129032;6,631088083;0;6,631088083;0;0;0
08.07.2017 23:45;0,050271528;0;0;1,916129032;0;0;1,916129032;6,631088083;0;6,631088083;0;0;0
09.07.2017 00:00;0,050271528;0;0;1,916129032;0;0;1,916129032;6,631088083;0;6,631088083;0;0;0
09.07.2017 00:15;0,050271528;0;0;1,916129032;0;0;1,916129032;0;0;0;0;0;0
09.07.2017 00:30;0,050271528;0;0;0;0;0;0;0;0;0;0;0;0
09.07.2017 00:45;0,050271528;0;0;0;0;0;0;0;0;0;0;0;0
09.07.2017 01:00;0,050271528;0;0;0;0;0;0;0;0;0;0;0;0
09.07.2017 01:15;0,050271528;0;0;0;0;0;0;0;0;0;0;0;0
09.07.2017 01:30;0,050271528;0;0;0;0;0;0;0;0;0;0;0;0
09.07.2017 01:45;0,050271528;0;0;0;0;0;0;0;0;0;0;0;0
09.07.2017 02:00;0,050271528;0;0;0;0;0;0;0;0;0;0;0;0
09.07.2017 02:15;0,050271528;0;0;0;0;0;0;0;0;0;0;0;0
09.07.2017 02:30;0,050271528;0;0;0;0;0;0;0;0;0;0;0;0
09.07.2017 02:45;0,050271528;0;0;0;0;0;0;0;0;0;0;0;0
09.07.2017 03:00;0,050271528;0;0;0;0;0;0;0;0;0;0;0;0
09.07.2017 03:15;0,050271528;0;0;0;0;0;0;0;0;0;0;0;0
09.07.2017 03:30;0,050271528;0;0;0;0;0;0;0;0;0;0;0;0
09.07.2017 03:45;0,050271528;0;0;0;0;0;0;0;0;0;0;0;0
09.07.2017 04:00;0,050271528;0;0;0;0;0;0;0;0;0;0;0;0
09.07.2017 04:15;0,050271528;0;0;0;0;0;0;0;0;0;0;0;0
09.07.2017 04:30;0,050271528;0;0;0;0;0;0;0;0;0;0;0;0
09.07.2017 04:45;0,050271528;0;0;0;0;0;0;0;0;0;0;0;0
09.07.2017 05:00;0,050271528;0;0;0;0;0;0;0;0;0;0;0;0
09.07.2017 05:15;0,050271528;0;0;0;0;0;0;0;0;0;0;0;0
09.07.2017 05:30;0,050271528;0;0;0;0;0;0;0;0;0;0;0;0
09.07.2017 05:45;0,050271528;0;0;0;0;0;0;0;0;0;0;0;0
09.07.2017 06:00;0,050271528;0;0;0;0;0;0;0;0;0;0;0;0
09.07.2017 06:15;0,050271528;0;0;0;0;0;0;0;0;0;0;0;0
09.07.2017 06:30;0,050271528;0;0;0;0;0;0;0;0;0;0;0;0
09.07.2017 06:45;0,050271528;0;0;0;0;0;0;0;0;0;0;0;0
09.07.2017 07:00;0,050271528;0;0;0;0;0;0;0;0;0;0;0;0
09.07.2017 07:15;0,050271528;0;0;0;0;0;0;0;0;0;0;0;0
09.07.2017 07:30;0,050271528;0;0;0;0;0;0;0;0;0;0;0;0
09.07.2017 07:45;0,050271528;0;0;0;0;0;0;8,017346939;0;8,017346939;0;0;0
09.07.2017 08:00;0,050271528;0;0;0;0;0;0;8,017346939;0;8,017346939;0;0;0
09.07.2017 08:15;0,050271528;0;0;0;0;0;0;8,017346939;0;8,017346939;0;0;0
09.07.2017 08:30;0,050271528;0;0;0;0;0;0;8,017346939;0;8,017346939;0;0;0
09.07.2017 08:45;0,050271528;0;0;0;0;0;0;8,017346939;0;8,017346939;0;0;0
09.07.2017 09:00;0,050271528;0;0;0;0;0;0;8,017346939;0;8,017346939;0;0;0
09.07.2017 09:15;0,050271528;0;0;0;0;0;0;8,017346939;0;8,017346939;0;0;0
09.07.2017 09:30;0,050271528;0;0;0;0;0;0;8,017346939;0;8,017346939;0;0;0
09.07.2017 09:45;0,050271528;0;0;0;0;0;0;8,017346939;0;8,017346939;0;0;0
09.07.2017 10:00;0,050271528;0;0;0;0;0;0;8,017346939;0;8,017346939;0;0;0
09.07.2017 10:15;0,050271528;0;0;0;0;0;0;8,017346939;0;8,017346939;0;0;0
09.07.2017 10:30;0,050271528;0;0;0;0;0;0;8,017346939;0;8,017346939;0;0;0
09.07.2017 10:45;0,050271528;0;0;0;0;0;0;8,017346939;0;8,017346939;0;0;0
09.07.2017 11:00;0,050271528;0;0;0;0;0;0;8,017346939;0;8,017346939;0;0;0
09.07.2017 11:15;0,050271528;0;0;0;0;0;0;0;0;0;0;0;0
09.07.2017 11:30;0,050271528;0;0;0;0;0;0;0;0;0;0;0;0
09.07.2017 11:45;0,050271528;0;0;0;0;0;0;0;0;0;0;0;0
09.07.2017 12:00;0,050271528;0;0;0;0;0;0;0;0;0;0;0;0
09.07.2017 12:15;0,050271528;0;0;0;0;0;0;0;0;0;0;0;0
09.07.2017 12:30;0,050271528;0;0;0;0;0;0;0;0;0;0;0;0
09.07.2017 12:45;0,050271528;0;0;0;0;0;0;0;0;0;0;0;0
09.07.2017 13:00;0,050271528;0;0;0;0;0;0;0;0;0;0;0;0
09.07.2017 13:15;0,050271528;0;0;0;0;0;0;0;0;0;0;0;0
09.07.2017 13:30;0,050271528;0;0;0;0;0;0;0;0;0;0;0;0
09.07.2017 13:45;0,050271528;0;0;0;0;0;0;0;0;0;0;0;0
09.07.2017 14:00;0,050271528;0;0;0;0;0;0;0;0;0;0;0;0
09.07.2017 14:15;0,050271528;0;0;0;0;0;0;0;0;0;0;0;0
09.07.2017 14:30;0,050271528;0;0;0;0;0;0;0;0;0;0;0;0
09.07.2017 14:45;0,050271528;0;0;0;0;0;0;0;0;0;0;0;0
09.07.2017 15:00;0,050271528;0;0;0;0;0;0;0;0;0;0;0;0
09.07.2017 15:15;0,050271528;0;0;0;0;0;0;0;0;0;0;0;0
09.07.2017 15:30;0,050271528;0;0;0;0;0;0;0;0;0;0;0;0
09.07.2017 15:45;0,050271528;0;0;0;0;0;0;0;0;0;0;0;0
09.07.2017 16:00;0,050271528;0;0;0;0;0;0;0;0;0;0;0;0
09.07.2017 16:15;0,050271528;0;0;0;0;0;0;0;0;0;0;0;0
09.07.2017 16:30;0,050271528;0;0;0;0;0;0;0;0;0;0;0;0
09.07.2017 16:45;0,050271528;0;0;0;0;0;0;0;0;0;0;0;0
09.07.2017 17:00;0,050271528;0;0;0;0;0;0;0;0;0;0;5,528571429;5,528571429
09.07.2017 17:15;0,050271528;0;0;0;0;0;0;0;0;0;0;5,528571429;5,528571429
09.07.2017 17:30;0,050271528;0;0;0;0;0;0;0;0;0;0;5,528571429;5,528571429
09.07.2017 17:45;0,050271528;0;0;0;0;0;0;0;0;0;0;5,528571429;5,528571429
09.07.2017 18:00;0,050271528;0;0;0;0;0;0;0;0;0;0;10,48143767;10,48143767
09.07.2017 18:15;0,050271528;0;0;0;0;0;0;0;0;0;0;10,48143767;10,48143767
09.07.2017 18:30;0,050271528;0;0;0;0;0;0;0;0;0;0;10,48143767;10,48143767
09.07.2017 18:45;0,050271528;0;0;0;0;0;0;0;0;0;0;10,48143767;10,48143767
09.07.2017 19:00;0,050271528;0;0;0;0;0;0;0;0;0;0;10,48143767;10,48143767
09.07.2017 19:15;0,050271528;0;0;0;0;0;0;0;0;0;0;10,48143767;10,48143767
09.07.2017 19:30;0,050271528;0;0;0;0;0;0;0;0;0;0;10,48143767;10,48143767
09.07.2017 19:45;0,050271528;0;0;0;0;0;0;0;0;0;0;10,48143767;10,48143767
09.07.2017 20:00;0,050271528;0;0;0;0;0;0;0;0;0;0;10,48143767;10,48143767
09.07.2017 20:15;0,050271528;0;0;0;0;0;0;0;0;0;0;10,48143767;10,48143767
09.07.2017 20:30;0,050271528;0;0;0;0;0;0;0;0;0;0;10,48143767;10,48143767
09.07.2017 20:45;0,050271528;0;0;0;0;0;0;0;0;0;0;10,48143767;10,48143767
09.07.2017 21:00;0,050271528;0;0;0;0;0;0;0;0;0;0;10,48143767;10,48143767
09.07.2017 21:15;0,050271528;0;0;0;0;0;0;0;0;0;0;4,952866242;4,952866242
09.07.2017 21:30;0,050271528;0;0;0;0;0;0;0;0;0;0;4,952866242;4,952866242
09.07.2017 21:45;0,050271528;0;0;0;0;0;0;0;0;0;0;4,952866242;4,952866242
09.07.2017 22:00;0,050271528;0;0;0;0;0;0;0;0;0;0;4,952866242;4,952866242
09.07.2017 22:15;0,050271528;0;0;0;0;0;0;0;0;0;0;4,952866242;4,952866242
09.07.2017 22:30;0,050271528;0;0;0;0;0;0;0;0;0;0;4,952866242;4,952866242
09.07.2017 22:45;0,050271528;0;0;0;0;0;0;0;0;0;0;4,952866242;4,952866242
09.07.2017 23:00;0,050271528;0;0;0;0;0;0;0;0;0;0;4,952866242;4,952866242
09.07.2017 23:15;0,050271528;0;0;0;0;0;0;0;0;0;0;4,952866242;4,952866242
09.07.2017 23:30;0,050271528;0;0;0;0;0;0;0;0;0;0;0;0
09.07.2017 23:45;0,050271528;0;0;0;0;0;0;0;0;0;0;0;0
10.07.2017 00:00;0,050271528;0;0;0;0;0;0;0;0;0;0;0;0
10.07.2017 00:15;0,050271528;0;0;0;0;0;0;0;0;0;0;0;0
10.07.2017 00:30;0,050271528;0;0;0;0;0;0;0;0;0;0;0;0
10.07.2017 00:45;0,050271528;0;0;0;0;0;0;0;0;0;0;0;0
10.07.2017 01:00;0,050271528;0;0;0;0;0;0;0;0;0;0;0;0
10.07.2017 01:15;0,050271528;0;0;0;0;0;0;0;0;0;0;0;0
10.07.2017 01:30;0,050271528;0;0;0;0;0;0;0;0;0;0;0;0
10.07.2017 01:45;0,050271528;0;0;0;0;0;0;0;0;0;0;0;0
10.07.2017 02:00;0,050271528;0;0;0;0;0;0;0;0;0;0;0;0
10.07.2017 02:15;0,050271528;0;0;0;0;0;0;0;0;0;0;0;0
10.07.2017 02:30;0,050271528;0;0;0;0;0;0;0;0;0;0;0;0
10.07.2017 02:45;0,050271528;0;0;0;0;0;0;0;0;0;0;0;0
10.07.2017 03:00;0,050271528;0;0;0;0;0;0;0;0;0;0;0;0
10.07.2017 03:15;0,050271528;0;0;0;0;0;0;0;0;0;0;0;0
10.07.2017 03:30;0,050271528;0;0;0;0;0;0;7,752147239;0;7,752147239;0;0;0
10.07.2017 03:45;0,050271528;0;0;0;0;0;0;7,752147239;0;7,752147239;0;0;0
10.07.2017 04:00;0,050271528;0;0;0;0;0;0;7,752147239;0;7,752147239;0;7,52516129;7,52516129
10.07.2017 04:15;0,050271528;0;0;0;0;0;0;7,752147239;0;7,752147239;0;7,52516129;7,52516129
10.07.2017 04:30;0,050271528;0;0;7,88342246;0;7,88342246;0;7,752147239;0;7,752147239;0;7,52516129;7,52516129
10.07.2017 04:45;0,050271528;0;0;7,88342246;0;7,88342246;0;7,752147239;0;7,752147239;0;7,52516129;7,52516129
10.07.2017 05:00;0,050271528;0;0;7,88342246;0;7,88342246;0;7,752147239;0;7,752147239;0;7,52516129;7,52516129
10.07.2017 05:15;0,050271528;0;0;7,88342246;0;7,88342246;0;15,127757;7,375609756;7,752147239;0;7,52516129;7,52516129
10.07.2017 05:30;0,050271528;0;0;7,88342246;0;7,88342246;0;15,127757;7,375609756;7,752147239;0;7,52516129;7,52516129
10.07.2017 05:45;0,050271528;0;0;7,88342246;0;7,88342246;0;15,127757;7,375609756;7,752147239;0;7,52516129;7,52516129
10.07.2017 06:00;0,050271528;0;0;7,88342246;0;7,88342246;0;15,127757;7,375609756;7,752147239;0;7,52516129;7,52516129
10.07.2017 06:15;0,050271528;0;0;13,37267866;0;7,88342246;5,489256198;15,127757;7,375609756;7,752147239;0;7,52516129;7,52516129
10.07.2017 06:30;0,050271528;17,63402787;0;13,37267866;0;7,88342246;5,489256198;7,375609756;7,375609756;0;0;7,52516129;7,52516129
10.07.2017 06:45;0,050271528;17,63402787;0;13,37267866;0;7,88342246;5,489256198;7,375609756;7,375609756;0;0;0;0
10.07.2017 07:00;0,050271528;17,63402787;0;20,73631502;0;15,24705882;5,489256198;7,375609756;7,375609756;0;0;0;0
10.07.2017 07:15;0,050271528;17,63402787;0;23,16328132;0;17,67402512;5,489256198;7,375609756;7,375609756;0;0;0;0
10.07.2017 07:30;0,050271528;17,63402787;0;23,16328132;0;17,67402512;5,489256198;7,375609756;7,375609756;0;0;0;0
10.07.2017 07:45;0,050271528;17,63402787;0;23,16328132;0;17,67402512;5,489256198;0;0;0;0;0;0
10.07.2017 08:00;0,050271528;17,63402787;0;15,27985885;0;9,790602656;5,489256198;0;0;0;0;0;0
10.07.2017 08:15;0,050271528;17,63402787;0;15,27985885;0;9,790602656;5,489256198;0;0;0;0;0;0
10.07.2017 08:30;0,050271528;17,63402787;0;15,27985885;0;9,790602656;5,489256198;0;0;0;0;0;0
10.07.2017 08:45;0,050271528;5,557664234;0;15,27985885;0;9,790602656;5,489256198;0;0;0;0;0;0
10.07.2017 09:00;0,050271528;5,557664234;0;15,27985885;0;9,790602656;5,489256198;0;0;0;0;0;0
10.07.2017 09:15;0,050271528;5,557664234;0;15,27985885;0;9,790602656;5,489256198;0;0;0;0;0;0
10.07.2017 09:30;0,050271528;5,557664234;0;15,27985885;0;9,790602656;5,489256198;0;0;0;0;0;0
10.07.2017 09:45;0,050271528;5,557664234;0;15,27985885;0;9,790602656;5,489256198;0;0;0;0;0;0
10.07.2017 10:00;0,050271528;5,557664234;0;15,27985885;0;9,790602656;5,489256198;0;0;0;0;0;0
10.07.2017 10:15;0,050271528;5,557664234;0;7,91622249;0;2,426966292;5,489256198;0;0;0;0;0;0
10.07.2017 10:30;0,050271528;5,557664234;0;2,426966292;0;2,426966292;0;0;0;0;0;0;0
10.07.2017 10:45;0,050271528;5,557664234;0;2,426966292;0;2,426966292;0;0;0;0;0;0;0
10.07.2017 11:00;0,050271528;5,557664234;0;2,426966292;0;2,426966292;0;0;0;0;0;0;0
10.07.2017 11:15;0,050271528;0;0;2,426966292;0;2,426966292;0;0;0;0;0;0;0
10.07.2017 11:30;0,050271528;0;0;2,426966292;0;2,426966292;0;0;0;0;0;0;0
10.07.2017 11:45;0,050271528;0;0;2,426966292;0;2,426966292;0;0;0;0;0;0;0
10.07.2017 12:00;4,370271528;0;0;0;0;0;0;0;0;0;0;0;0
10.07.2017 12:15;4,370271528;0;0;0;0;0;0;8,1;8,1;0;0;0;0
10.07.2017 12:30;8,182036234;0;0;0;0;0;0;8,1;8,1;0;0;0;0
10.07.2017 12:45;8,182036234;0;0;0;0;0;0;8,1;8,1;0;0;0;0
10.07.2017 13:00;4,370271528;0;0;0;0;0;0;8,1;8,1;0;0;0;0
10.07.2017 13:15;14,91876468;0;0;0;0;0;0;8,1;8,1;0;0;0;0
10.07.2017 13:30;14,91876468;0;0;0;0;0;0;8,1;8,1;0;0;0;0
10.07.2017 13:45;14,91876468;0;0;0;0;0;0;11,09189189;8,1;0;2,991891892;0;0
10.07.2017 14:00;14,91876468;0;0;0;0;0;0;11,09189189;8,1;0;2,991891892;0;0
10.07.2017 14:15;14,91876468;0;0;0;0;0;0;11,09189189;8,1;0;2,991891892;0;0
10.07.2017 14:30;14,91876468;0;0;0;0;0;0;11,09189189;8,1;0;2,991891892;0;0
10.07.2017 14:45;0,050271528;0;0;0;0;0;0;11,09189189;8,1;0;2,991891892;0;0
10.07.2017 15:00;0,050271528;0;0;0;0;0;0;11,09189189;8,1;0;2,991891892;3,669902913;3,669902913
10.07.2017 15:15;0,050271528;0;0;0;0;0;0;2,991891892;0;0;2,991891892;3,669902913;3,669902913
10.07.2017 15:30;0,050271528;0;0;0;0;0;0;2,991891892;0;0;2,991891892;3,669902913;3,669902913
10.07.2017 15:45;0,050271528;0;0;0;0;0;0;2,991891892;0;0;2,991891892;3,669902913;3,669902913
10.07.2017 16:00;0,050271528;0;0;0;0;0;0;2,991891892;0;0;2,991891892;3,669902913;3,669902913
10.07.2017 16:15;0,050271528;0;0;0;0;0;0;2,991891892;0;0;2,991891892;3,669902913;3,669902913
10.07.2017 16:30;0,050271528;0;0;0;0;0;0;2,991891892;0;0;2,991891892;3,669902913;3,669902913
10.07.2017 16:45;0,050271528;0;0;0;0;0;0;2,991891892;0;0;2,991891892;3,669902913;3,669902913
10.07.2017 17:00;0,050271528;0;0;0;0;0;0;2,991891892;0;0;2,991891892;3,669902913;3,669902913
10.07.2017 17:15;0,050271528;0;0;0;0;0;0;2,991891892;0;0;2,991891892;3,669902913;3,669902913
10.07.2017 17:30;0,050271528;0;0;0;0;0;0;2,991891892;0;0;2,991891892;3,669902913;3,669902913
10.07.2017 17:45;0,050271528;0;0;0;0;0;0;2,991891892;0;0;2,991891892;3,669902913;3,669902913
10.07.2017 18:00;0,050271528;0;0;0;0;0;0;2,991891892;0;0;2,991891892;3,669902913;3,669902913
10.07.2017 18:15;0,050271528;0;0;0;0;0;0;2,991891892;0;0;2,991891892;3,669902913;3,669902913
10.07.2017 18:30;0,050271528;0;0;0;0;0;0;2,991891892;0;0;2,991891892;3,669902913;3,669902913
10.07.2017 18:45;0,050271528;0;0;0;0;0;0;2,991891892;0;0;2,991891892;3,669902913;3,669902913
10.07.2017 19:00;0,050271528;0;0;0;0;0;0;2,991891892;0;0;2,991891892;3,669902913;3,669902913
10.07.2017 19:15;0,050271528;0;0;0;0;0;0;2,991891892;0;0;2,991891892;3,669902913;3,669902913
10.07.2017 19:30;0,050271528;0;0;0;0;0;0;2,991891892;0;0;2,991891892;3,669902913;3,669902913
10.07.2017 19:45;0,050271528;0;0;0;0;0;0;2,991891892;0;0;2,991891892;3,669902913;3,669902913
10.07.2017 20:00;0,050271528;0;0;0;0;0;0;2,991891892;0;0;2,991891892;3,669902913;3,669902913
10.07.2017 20:15;0,050271528;0;0;0;0;0;0;2,991891892;0;0;2,991891892;0;0
10.07.2017 20:30;0,050271528;0;0;0;0;0;0;2,991891892;0;0;2,991891892;0;0
10.07.2017 20:45;0,050271528;0;0;0;0;0;0;2,991891892;0;0;2,991891892;0;0
10.07.2017 21:00;0,050271528;0;0;0;0;0;0;2,991891892;0;0;2,991891892;0;0
10.07.2017 21:15;0,050271528;0;0;0;0;0;0;0;0;0;0;0;0
10.07.2017 21:30;0,050271528;0;0;0;0;0;0;0;0;0;0;0;0
10.07.2017 21:45;0,050271528;0;0;0;0;0;0;0;0;0;0;0;0
10.07.2017 22:00;0,050271528;0;0;0;0;0;0;0;0;0;0;0;0
10.07.2017 22:15;0,050271528;0;0;0;0;0;0;0;0;0;0;0;0
10.07.2017 22:30;0,050271528;0;0;0;0;0;0;0;0;0;0;0;0
10.07.2017 22:45;0,050271528;0;0;0;0;0;0;0;0;0;0;0;0
10.07.2017 23:00;0,050271528;0;0;0;0;0;0;0;0;0;0;0;0
10.07.2017 23:15;0,050271528;0;0;0;0;0;0;0;0;0;0;0;0
10.07.2017 23:30;0,050271528;0;0;0;0;0;0;0;0;0;0;0;0
10.07.2017 23:45;0,050271528;0;0;0;0;0;0;0;0;0;0;0;0
11.07.2017 00:00;0,050271528;0;0;0;0;0;0;0;0;0;0;0;0
11.07.2017 00:15;0,050271528;0;0;0;0;0;0;0;0;0;0;0;0
11.07.2017 00:30;0,050271528;0;0;0;0;0;0;0;0;0;0;0;0
11.07.2017 00:45;0,050271528;0;0;0;0;0;0;0;0;0;0;0;0
11.07.2017 01:00;0,050271528;0;0;0;0;0;0;0;0;0;0;0;0
11.07.2017 01:15;0,050271528;0;0;0;0;0;0;0;0;0;0;0;0
11.07.2017 01:30;0,050271528;0;0;0;0;0;0;0;0;0;0;0;0
11.07.2017 01:45;0,050271528;0;0;0;0;0;0;0;0;0;0;0;0
11.07.2017 02:00;0,050271528;0;0;0;0;0;0;0;0;0;0;0;0
11.07.2017 02:15;0,050271528;0;0;0;0;0;0;0;0;0;0;0;0
11.07.2017 02:30;0,050271528;0;0;0;0;0;0;0;0;0;0;0;0
11.07.2017 02:45;0,050271528;0;0;0;0;0;0;0;0;0;0;0;0
11.07.2017 03:00;0,050271528;0;0;0;0;0;0;0;0;0;0;0;0
11.07.2017 03:15;0,050271528;0;0;0;0;0;0;0;0;0;0;0;0
11.07.2017 03:30;0,050271528;0;0;0,572869565;0,572869565;0;0;7,513043478;0;0;7,513043478;0;0
11.07.2017 03:45;2,799140307;0;0;0,572869565;0,572869565;0;0;7,513043478;0;0;7,513043478;0;0
11.07.2017 04:00;2,799140307;0;0;0,572869565;0,572869565;0;0;7,513043478;0;0;7,513043478;0;0
11.07.2017 04:15;2,799140307;0;0;8,477688842;0,572869565;0;7,904819277;7,513043478;0;0;7,513043478;0;0
11.07.2017 04:30;2,799140307;0;0;8,477688842;0,572869565;0;7,904819277;14,64104348;0;0;14,64104348;0;0
11.07.2017 04:45;2,799140307;0;0;8,477688842;0,572869565;0;7,904819277;14,64104348;0;0;14,64104348;0;0
11.07.2017 05:00;2,799140307;7,954491018;0;8,477688842;0,572869565;0;7,904819277;22,69528077;8,054237288;0;14,64104348;0;0
11.07.2017 05:15;10,38648208;7,954491018;0;8,477688842;0,572869565;0;7,904819277;22,69528077;8,054237288;0;14,64104348;0;0
11.07.2017 05:30;10,38648208;20,36300166;0;15,25523986;7,350420586;0;7,904819277;22,69528077;8,054237288;0;14,64104348;0;0
11.07.2017 05:45;11,38259858;20,36300166;0;15,25523986;7,350420586;0;7,904819277;22,69528077;8,054237288;0;14,64104348;0;0
11.07.2017 06:00;13,28848094;20,36300166;0;15,25523986;7,350420586;0;7,904819277;15,18223729;8,054237288;0;7,128;0;0
11.07.2017 06:15;13,28848094;20,36300166;0;15,25523986;7,350420586;0;7,904819277;15,18223729;8,054237288;0;7,128;0;0
11.07.2017 06:30;11,38259858;7,954491018;0;15,25523986;7,350420586;0;7,904819277;8,054237288;8,054237288;0;0;0;0
11.07.2017 06:45;11,38259858;7,954491018;0;15,25523986;7,350420586;0;7,904819277;8,054237288;8,054237288;0;0;0;0
11.07.2017 07:00;14,00318682;7,954491018;0;15,25523986;7,350420586;0;7,904819277;8,054237288;8,054237288;0;0;0;0
11.07.2017 07:15;14,00318682;7,954491018;0;7,350420586;7,350420586;0;0;8,054237288;8,054237288;0;0;0;0
11.07.2017 07:30;14,00318682;7,954491018;0;0,572869565;0,572869565;0;0;8,054237288;8,054237288;0;0;0;0
11.07.2017 07:45;14,00318682;7,954491018;0;0,572869565;0,572869565;0;0;8,054237288;8,054237288;0;0;0;0
11.07.2017 08:00;6,415845047;0;0;0,572869565;0,572869565;0;0;8,054237288;8,054237288;0;0;0;0
11.07.2017 08:15;6,415845047;0;0;0,572869565;0,572869565;0;0;0;0;0;0;0;0
11.07.2017 08:30;6,415845047;0;0;0,572869565;0,572869565;0;0;0;0;0;0;0;0
11.07.2017 08:45;6,415845047;0;0;0,572869565;0,572869565;0;0;0;0;0;0;0;0
11.07.2017 09:00;6,415845047;0;0;0,572869565;0,572869565;0;0;0;0;0;0;0;0
11.07.2017 09:15;6,415845047;0;0;0,572869565;0,572869565;0;0;0;0;0;0;0;0
11.07.2017 09:30;3,795256811;0;0;0,572869565;0,572869565;0;0;0;0;0;0;0;0
11.07.2017 09:45;11,53525681;0;0;0,572869565;0,572869565;0;0;0;0;0;0;0;0
11.07.2017 10:00;11,53525681;0;0;0,572869565;0,572869565;0;0;0;0;0;0;0;0
11.07.2017 10:15;11,53525681;0;0;0,572869565;0,572869565;0;0;0;0;0;0;0;0
11.07.2017 10:30;11,53525681;0;0;0,572869565;0,572869565;0;0;0;0;0;0;0;0
11.07.2017 10:45;11,53525681;0;0;0,572869565;0,572869565;0;0;0;0;0;0;0;0
11.07.2017 11:00;11,53525681;0;0;0,572869565;0,572869565;0;0;0;0;0;0;0;0
11.07.2017 11:15;10,53914031;0;0;0,572869565;0,572869565;0;0;0;0;0;0;0;0
11.07.2017 11:30;7,790271528;0;0;0,572869565;0,572869565;0;0;0;0;0;0;0;0
11.07.2017 11:45;7,790271528;0;0;0,572869565;0,572869565;0;0;8,145251397;8,145251397;0;0;6,821052632;6,821052632
11.07.2017 12:00;7,790271528;9,072;0;0,572869565;0,572869565;0;0;8,145251397;8,145251397;0;0;6,821052632;6,821052632
11.07.2017 12:15;7,790271528;9,072;0;0,572869565;0,572869565;0;0;8,145251397;8,145251397;0;0;6,821052632;6,821052632
11.07.2017 12:30;7,790271528;9,072;0;0,572869565;0,572869565;0;0;8,145251397;8,145251397;0;0;6,821052632;6,821052632
11.07.2017 12:45;7,790271528;0;0;0,572869565;0,572869565;0;0;8,145251397;8,145251397;0;0;6,821052632;6,821052632
11.07.2017 13:00;0,050271528;0;0;0,572869565;0,572869565;0;0;8,145251397;8,145251397;0;0;6,821052632;6,821052632
11.07.2017 13:15;0,050271528;0;0;0,572869565;0,572869565;0;0;8,145251397;8,145251397;0;0;6,821052632;6,821052632
11.07.2017 13:30;0,050271528;0;0;0,572869565;0,572869565;0;0;8,145251397;8,145251397;0;0;6,821052632;6,821052632
11.07.2017 13:45;4,910271528;0;0;0,572869565;0,572869565;0;0;8,145251397;8,145251397;0;0;6,821052632;6,821052632
11.07.2017 14:00;4,910271528;0;0;0,572869565;0,572869565;0;0;8,145251397;8,145251397;0;0;6,821052632;6,821052632
11.07.2017 14:15;0,050271528;0;0;0,572869565;0,572869565;0;0;8,145251397;8,145251397;0;0;6,821052632;6,821052632
11.07.2017 14:30;0,050271528;0;0;0,572869565;0,572869565;0;0;8,145251397;8,145251397;0;0;6,821052632;6,821052632
11.07.2017 14:45;0,050271528;0;0;0,572869565;0,572869565;0;0;8,145251397;8,145251397;0;0;0;0
11.07.2017 15:00;0,050271528;0;0;0,572869565;0,572869565;0;0;0;0;0;0;0;0
11.07.2017 15:15;0,050271528;0;0;0,572869565;0,572869565;0;0;0;0;0;0;0;0
11.07.2017 15:30;0,050271528;0;0;5,224354714;5,224354714;0;0;0;0;0;0;0;0
11.07.2017 15:45;0,050271528;0;0;5,224354714;5,224354714;0;0;0;0;0;0;0;0
11.07.2017 16:00;0,050271528;0;0;5,224354714;5,224354714;0;0;0;0;0;0;0;0
11.07.2017 16:15;0,050271528;0;0;5,224354714;5,224354714;0;0;0;0;0;0;0;0
11.07.2017 16:30;0,050271528;0;0;5,224354714;5,224354714;0;0;0;0;0;0;6,247058824;6,247058824
11.07.2017 16:45;0,050271528;0;0;5,224354714;5,224354714;0;0;0;0;0;0;6,247058824;6,247058824
11.07.2017 17:00;0,050271528;0;0;5,224354714;5,224354714;0;0;0;0;0;0;6,247058824;6,247058824
11.07.2017 17:15;0,050271528;0;0;5,224354714;5,224354714;0;0;0;0;0;0;6,247058824;6,247058824
11.07.2017 17:30;0,050271528;0;0;0,572869565;0,572869565;0;0;0;0;0;0;6,247058824;6,247058824
11.07.2017 17:45;0,050271528;0;0;0,572869565;0,572869565;0;0;0;0;0;0;6,247058824;6,247058824
11.07.2017 18:00;0,050271528;0;0;0,572869565;0,572869565;0;0;0;0;0;0;6,247058824;6,247058824
11.07.2017 18:15;0,050271528;0;0;0,572869565;0,572869565;0;0;0;0;0;0;6,247058824;6,247058824
11.07.2017 18:30;0,050271528;0;0;0,572869565;0,572869565;0;0;0;0;0;0;6,247058824;6,247058824
11.07.2017 18:45;0,050271528;0;0;0,572869565;0,572869565;0;0;0;0;0;0;6,247058824;6,247058824
11.07.2017 19:00;0,050271528;0;0;0,572869565;0,572869565;0;0;0;0;0;0;6,247058824;6,247058824
11.07.2017 19:15;0,050271528;0;0;0,572869565;0,572869565;0;0;0;0;0;0;0;0
11.07.2017 19:30;0,050271528;0;0;0,572869565;0,572869565;0;0;0;0;0;0;0;0
11.07.2017 19:45;0,050271528;0;0;0,572869565;0,572869565;0;0;0;0;0;0;0;0
11.07.2017 20:00;0,050271528;0;0;0,572869565;0,572869565;0;0;0;0;0;0;0;0
11.07.2017 20:15;0,050271528;0;0;0,572869565;0,572869565;0;0;0;0;0;0;0;0
11.07.2017 20:30;0,050271528;0;0;0,572869565;0,572869565;0;0;0;0;0;0;0;0
11.07.2017 20:45;0,050271528;0;0;0,572869565;0,572869565;0;0;0;0;0;0;0;0
11.07.2017 21:00;0,050271528;0;0;0,572869565;0,572869565;0;0;0;0;0;0;0;0
11.07.2017 21:15;0,050271528;0;0;0,572869565;0,572869565;0;0;0;0;0;0;0;0
11.07.2017 21:30;0,050271528;0;0;0,572869565;0,572869565;0;0;0;0;0;0;0;0
11.07.2017 21:45;0,050271528;0;0;0,572869565;0,572869565;0;0;0;0;0;0;0;0
11.07.2017 22:00;0,050271528;0;0;0,572869565;0,572869565;0;0;0;0;0;0;0;0
11.07.2017 22:15;0,050271528;0;0;0,572869565;0,572869565;0;0;0;0;0;0;0;0
11.07.2017 22:30;0,050271528;0;0;0,572869565;0,572869565;0;0;0;0;0;0;0;0
11.07.2017 22:45;0,050271528;0;0;0,572869565;0,572869565;0;0;0;0;0;0;0;0
11.07.2017 23:00;0,050271528;0;0;0,572869565;0,572869565;0;0;0;0;0;0;0;0
11.07.2017 23:15;0,050271528;0;0;0,572869565;0,572869565;0;0;0;0;0;0;0;0
11.07.2017 23:30;0,050271528;0;0;0,572869565;0,572869565;0;0;0;0;0;0;0;0
11.07.2017 23:45;0,050271528;0;0;0,572869565;0,572869565;0;0;0;0;0;0;0;0
12.07.2017 00:00;0,050271528;0;0;0,572869565;0,572869565;0;0;0;0;0;0;0;0
12.07.2017 00:15;0,050271528;0;0;0,572869565;0,572869565;0;0;0;0;0;0;0;0
12.07.2017 00:30;0,050271528;0;0;0,572869565;0,572869565;0;0;0;0;0;0;0;0
12.07.2017 00:45;0,050271528;0;0;0,572869565;0,572869565;0;0;0;0;0;0;0;0
12.07.2017 01:00;0,050271528;0;0;0,572869565;0,572869565;0;0;0;0;0;0;0;0
12.07.2017 01:15;0,050271528;0;0;0,572869565;0,572869565;0;0;0;0;0;0;0;0
12.07.2017 01:30;0,050271528;0;0;0,572869565;0,572869565;0;0;0;0;0;0;0;0
12.07.2017 01:45;0,050271528;0;0;0,572869565;0,572869565;0;0;0;0;0;0;0;0
12.07.2017 02:00;0,050271528;0;0;0,572869565;0,572869565;0;0;0;0;0;0;0;0
12.07.2017 02:15;0,050271528;0;0;0,572869565;0,572869565;0;0;0;0;0;0;0;0
12.07.2017 02:30;0,050271528;0;0;0,572869565;0,572869565;0;0;0;0;0;0;0;0
12.07.2017 02:45;0,050271528;0;0;0,572869565;0,572869565;0;0;0;0;0;0;0;0
12.07.2017 03:00;0,050271528;0;0;0,572869565;0,572869565;0;0;0;0;0;0;0;0
12.07.2017 03:15;0,050271528;0;0;0,572869565;0,572869565;0;0;7,623529412;0;7,623529412;0;0;0
12.07.2017 03:30;0,050271528;0;0;0,572869565;0,572869565;0;0;7,623529412;0;7,623529412;0;0;0
12.07.2017 03:45;9,244866123;0;0;3,23869235;3,23869235;0;0;7,623529412;0;7,623529412;0;0;0
12.07.2017 04:00;9,244866123;0;0;3,23869235;3,23869235;0;0;7,623529412;0;7,623529412;0;0;0
12.07.2017 04:15;9,244866123;0;0;3,23869235;3,23869235;0;0;7,623529412;0;7,623529412;0;0;0
12.07.2017 04:30;9,244866123;0;0;3,23869235;3,23869235;0;0;7,623529412;0;7,623529412;0;0;0
12.07.2017 04:45;0,050271528;0;0;3,23869235;3,23869235;0;0;7,623529412;0;7,623529412;0;0;0
12.07.2017 05:00;0,050271528;0;0;3,23869235;3,23869235;0;0;7,623529412;0;7,623529412;0;0;0
12.07.2017 05:15;0,050271528;0;0;3,23869235;3,23869235;0;0;7,623529412;0;7,623529412;0;0;0
12.07.2017 05:30;0,050271528;0;0;3,98859024;3,23869235;0,74989789;0;7,623529412;0;7,623529412;0;0;0
12.07.2017 05:45;4,962529593;0;0;3,98859024;3,23869235;0,74989789;0;0;0;0;0;0;0
12.07.2017 06:00;11,12309297;0;0;3,98859024;3,23869235;0,74989789;0;0;0;0;0;0;0
12.07.2017 06:15;11,12309297;0;0;3,98859024;3,23869235;0,74989789;0;0;0;0;0;0;0
12.07.2017 06:30;18,32309297;0;0;3,98859024;3,23869235;0,74989789;0;0;0;0;0;0;0
12.07.2017 06:45;18,32309297;0;0;3,98859024;3,23869235;0,74989789;0;0;0;0;0;0;0
12.07.2017 07:00;11,12309297;0;0;3,98859024;3,23869235;0,74989789;0;0;0;0;0;0;0
12.07.2017 07:15;11,12309297;0;0;3,98859024;3,23869235;0,74989789;0;0;0;0;0;0;0
12.07.2017 07:30;4,962529593;0;0;3,98859024;3,23869235;0,74989789;0;0;0;0;0;0;0
12.07.2017 07:45;4,962529593;0;0;3,98859024;3,23869235;0,74989789;0;0;0;0;0;0;0
12.07.2017 08:00;4,962529593;0;0;3,98859024;3,23869235;0,74989789;0;0;0;0;0;0;0
12.07.2017 08:15;4,962529593;0;0;3,98859024;3,23869235;0,74989789;0;0;0;0;0;0;0
12.07.2017 08:30;0,050271528;6,724528302;0;3,415720675;2,665822785;0,74989789;0;0;0;0;0;0;0
12.07.2017 08:45;0,050271528;6,724528302;0;10,22708431;9,477186421;0,74989789;0;0;0;0;0;0;0
12.07.2017 09:00;0,050271528;6,724528302;0;14,27708431;9,477186421;4,79989789;0;0;0;0;0;0;0
12.07.2017 09:15;0,050271528;6,724528302;0;11,61126153;6,811363636;4,79989789;0;0;0;0;0;0;0
12.07.2017 09:30;0,050271528;6,724528302;0;11,61126153;6,811363636;4,79989789;0;0;0;0;0;0;0
12.07.2017 09:45;0,050271528;6,724528302;0;11,61126153;6,811363636;4,79989789;0;0;0;0;0;0;0
12.07.2017 10:00;7,58888539;6,724528302;0;11,61126153;6,811363636;4,79989789;0;0;0;0;0;0;0
12.07.2017 10:15;7,58888539;6,724528302;0;11,61126153;6,811363636;4,79989789;0;0;0;0;0;0;0
12.07.2017 10:30;7,58888539;6,724528302;0;4,79989789;0;4,79989789;0;0;0;0;0;0;0
12.07.2017 10:45;7,58888539;6,724528302;0;4,79989789;0;4,79989789;0;0;0;0;0;0;0
12.07.2017 11:00;7,58888539;6,724528302;0;0,74989789;0;0,74989789;0;0;0;0;0;0;0
12.07.2017 11:15;7,58888539;6,724528302;0;0,74989789;0;0,74989789;0;0;0;0;0;0;0
12.07.2017 11:30;7,58888539;0;0;0,74989789;0;0,74989789;0;0;0;0;0;0;0
12.07.2017 11:45;7,58888539;0;0;0,74989789;0;0,74989789;0;0;0;0;0;0;0
12.07.2017 12:00;7,58888539;0;0;0,74989789;0;0,74989789;0;7,858208955;0;7,858208955;0;0;0
12.07.2017 12:15;7,58888539;0;0;0,74989789;0;0,74989789;0;12,16133396;0;7,858208955;4,303125;0;0
12.07.2017 12:30;7,58888539;0;0;0,74989789;0;0,74989789;0;12,16133396;0;7,858208955;4,303125;0;0
12.07.2017 12:45;7,58888539;0;0;0,74989789;0;0,74989789;0;12,16133396;0;7,858208955;4,303125;0;0
12.07.2017 13:00;7,58888539;0;0;0,74989789;0;0,74989789;0;12,16133396;0;7,858208955;4,303125;0;0
12.07.2017 13:15;7,58888539;0;0;0,74989789;0;0,74989789;0;12,16133396;0;7,858208955;4,303125;0;0
12.07.2017 13:30;0,050271528;0;0;0,74989789;0;0,74989789;0;12,16133396;0;7,858208955;4,303125;0;0
12.07.2017 13:45;0;0;0;0,74989789;0;0,74989789;0;7,858208955;0;7,858208955;0;0;0
12.07.2017 14:00;0;0;0;0,74989789;0;0,74989789;0;7,858208955;0;7,858208955;0;0;0
12.07.2017 14:15;0;0;0;0,74989789;0;0,74989789;0;7,858208955;0;7,858208955;0;0;0
12.07.2017 14:30;0;0;0;0,74989789;0;0,74989789;0;0;0;0;0;0;0
12.07.2017 14:45;0;0;0;0,74989789;0;0,74989789;0;0;0;0;0;0;0
12.07.2017 15:00;0;0;0;0,74989789;0;0,74989789;0;0;0;0;0;0;0
12.07.2017 15:15;0;0;0;0,74989789;0;0,74989789;0;0;0;0;0;0;0
12.07.2017 15:30;0;0;0;0,74989789;0;0,74989789;0;0;0;0;0;0;0
12.07.2017 15:45;0;0;0;0,74989789;0;0,74989789;0;0;0;0;0;0;0
12.07.2017 16:00;0;0;0;0,74989789;0;0,74989789;0;0;0;0;0;0;0
12.07.2017 16:15;0;0;0;0,74989789;0;0,74989789;0;0;0;0;0;0;0
12.07.2017 16:30;0;0;0;0,74989789;0;0,74989789;0;0;0;0;0;0;0
12.07.2017 16:45;0;0;0;0,74989789;0;0,74989789;0;0;0;0;0;0;0
12.07.2017 17:00;0;0;0;0,74989789;0;0,74989789;0;0;0;0;0;0;0
12.07.2017 17:15;0;0;0;0,74989789;0;0,74989789;0;0;0;0;0;0;0
12.07.2017 17:30;0;0;0;0,74989789;0;0,74989789;0;0;0;0;0;0;0
12.07.2017 17:45;0;0;0;0,74989789;0;0,74989789;0;0;0;0;0;0;0
12.07.2017 18:00;0;0;0;0,74989789;0;0,74989789;0;0;0;0;0;0;0
12.07.2017 18:15;0;0;0;0,74989789;0;0,74989789;0;0;0;0;0;0;0
12.07.2017 18:30;0;0;0;0,74989789;0;0,74989789;0;0;0;0;0;0;0
12.07.2017 18:45;0;0;0;0,74989789;0;0,74989789;0;0;0;0;0;0;0
12.07.2017 19:00;0;0;0;0,74989789;0;0,74989789;0;0;0;0;0;0;0
12.07.2017 19:15;0;0;0;0,74989789;0;0,74989789;0;0;0;0;0;0;0
12.07.2017 19:30;0;0;0;0,74989789;0;0,74989789;0;0;0;0;0;0;0
12.07.2017 19:45;0;0;0;0,74989789;0;0,74989789;0;0;0;0;0;0;0
12.07.2017 20:00;0;0;0;0,74989789;0;0,74989789;0;0;0;0;0;0;0
12.07.2017 20:15;0;0;0;0,74989789;0;0,74989789;0;0;0;0;0;0;0
12.07.2017 20:30;0;0;0;0,74989789;0;0,74989789;0;0;0;0;0;0;0
12.07.2017 20:45;0;0;0;0,74989789;0;0,74989789;0;0;0;0;0;0;0
12.07.2017 21:00;0;0;0;0,74989789;0;0,74989789;0;0;0;0;0;0;0
12.07.2017 21:15;0;0;0;0,74989789;0;0,74989789;0;0;0;0;0;0;0
12.07.2017 21:30;4,32;0;0;0,74989789;0;0,74989789;0;0;0;0;0;0;0
12.07.2017 21:45;4,32;0;0;0,74989789;0;0,74989789;0;0;0;0;0;0;0
12.07.2017 22:00;4,32;0;0;0,74989789;0;0,74989789;0;0;0;0;0;0;0
12.07.2017 22:15;4,32;0;0;0,74989789;0;0,74989789;0;0;0;0;0;0;0
12.07.2017 22:30;4,32;0;0;0,74989789;0;0,74989789;0;0;0;0;0;0;0
12.07.2017 22:45;4,32;0;0;0,74989789;0;0,74989789;0;0;0;0;0;0;0
12.07.2017 23:00;4,32;0;0;0,74989789;0;0,74989789;0;0;0;0;0;0;0
12.07.2017 23:15;4,32;0;0;0,74989789;0;0,74989789;0;0;0;0;0;0;0
12.07.2017 23:30;4,32;0;0;0,74989789;0;0,74989789;0;0;0;0;0;0;0
12.07.2017 23:45;4,32;0;0;0,74989789;0;0,74989789;0;0;0;0;0;0;0
13.07.2017 00:00;4,32;0;0;0,74989789;0;0,74989789;0;0;0;0;0;0;0
13.07.2017 00:15;4,32;0;0;0,74989789;0;0,74989789;0;0;0;0;0;0;0
13.07.2017 00:30;4,32;0;0;0,74989789;0;0,74989789;0;0;0;0;0;0;0
13.07.2017 00:45;4,32;0;0;0,74989789;0;0,74989789;0;0;0;0;0;0;0
13.07.2017 01:00;4,32;0;0;0,74989789;0;0,74989789;0;0;0;0;0;0;0
13.07.2017 01:15;4,32;0;0;0,74989789;0;0,74989789;0;0;0;0;0;0;0
13.07.2017 01:30;4,32;0;0;0,74989789;0;0,74989789;0;0;0;0;0;0;0
13.07.2017 01:45;4,32;0;0;0,74989789;0;0,74989789;0;0;0;0;0;0;0
13.07.2017 02:00;4,32;0;0;0,74989789;0;0,74989789;0;0;0;0;0;0;0
13.07.2017 02:15;4,32;0;0;0,74989789;0;0,74989789;0;0;0;0;0;0;0
13.07.2017 02:30;4,32;0;0;0,74989789;0;0,74989789;0;0;0;0;0;0;0
13.07.2017 02:45;4,32;0;0;0,74989789;0;0,74989789;0;0;0;0;0;0;0
13.07.2017 03:00;0;0;0;0,74989789;0;0,74989789;0;0;0;0;0;0;0
13.07.2017 03:15;0;0;0;0,74989789;0;0,74989789;0;0;0;0;0;0;0
13.07.2017 03:30;0;0;0;0,74989789;0;0,74989789;0;0;0;0;0;0;0
13.07.2017 03:45;1,173440644;0;0;0,74989789;0;0,74989789;0;5,274418605;0;0;5,274418605;0;0
13.07.2017 04:00;6,336078007;0;0;0,74989789;0;0,74989789;0;5,274418605;0;0;5,274418605;0;0
13.07.2017 04:15;6,336078007;0;0;0,74989789;0;0,74989789;0;5,274418605;0;0;5,274418605;0;0
13.07.2017 04:30;6,336078007;0;0;0,74989789;0;0,74989789;0;11,71003504;6,435616438;0;5,274418605;0;0
13.07.2017 04:45;6,336078007;0;0;0,74989789;0;0,74989789;0;6,435616438;6,435616438;0;0;0;0
13.07.2017 05:00;7,327914741;0;0;0,74989789;0;0,74989789;0;6,435616438;6,435616438;0;0;0;0
13.07.2017 05:15;7,327914741;0;0;0,74989789;0;0,74989789;0;6,435616438;6,435616438;0;0;0;0
13.07.2017 05:30;7,327914741;0;0;0,74989789;0;0,74989789;0;6,435616438;6,435616438;0;0;0;0
13.07.2017 05:45;2,165277379;0;0;0,74989789;0;0,74989789;0;0;0;0;0;0;0
13.07.2017 06:00;2,165277379;0;0;5,696462775;4,946564885;0,74989789;0;0;0;0;0;0;0
13.07.2017 06:15;2,165277379;0;0;4,946564885;4,946564885;0;0;0;0;0;0;0;0
13.07.2017 06:30;10,21677438;0;0;4,946564885;4,946564885;0;0;0;0;0;0;0;0
13.07.2017 06:45;10,21677438;0;0;4,946564885;4,946564885;0;0;0;0;0;0;0;0
13.07.2017 07:00;9,22493765;0;0;11,88942203;4,946564885;0;6,942857143;0;0;0;0;0;0
13.07.2017 07:15;9,22493765;0;0;11,88942203;4,946564885;0;6,942857143;0;0;0;0;0;0
13.07.2017 07:30;9,22493765;0;0;11,88942203;4,946564885;0;6,942857143;0;0;0;0;0;0
13.07.2017 07:45;9,22493765;0;0;11,88942203;4,946564885;0;6,942857143;0;0;0;0;0;0
13.07.2017 08:00;9,22493765;0;0;11,88942203;4,946564885;0;6,942857143;0;0;0;0;0;0
13.07.2017 08:15;9,22493765;0;0;11,88942203;4,946564885;0;6,942857143;0;0;0;0;0;0
13.07.2017 08:30;9,22493765;0;0;6,942857143;0;0;6,942857143;0;0;0;0;0;0
13.07.2017 08:45;9,22493765;0;0;0;0;0;0;0;0;0;0;0;0
13.07.2017 09:00;9,22493765;0;0;0;0;0;0;0;0;0;0;0;0
13.07.2017 09:15;16,9298157;0;0;0;0;0;0;0;0;0;0;0;0
13.07.2017 09:30;8,878318693;0;0;0;0;0;0;0;0;0;0;0;0
13.07.2017 09:45;8,878318693;0;0;0;0;0;0;0;0;0;0;0;0
13.07.2017 10:00;8,878318693;0;0;0;0;0;0;0;0;0;0;0;0
13.07.2017 10:15;8,878318693;0;0;0;0;0;0;0;0;0;0;0;0
13.07.2017 10:30;8,878318693;0;0;0;0;0;0;0;0;0;0;0;0
13.07.2017 10:45;8,878318693;0;0;0;0;0;0;0;0;0;0;0;0
13.07.2017 11:00;8,878318693;0;0;0;0;0;0;0;0;0;0;0;0
13.07.2017 11:15;8,878318693;0;0;0;0;0;0;0;0;0;0;0;0
13.07.2017 11:30;8,878318693;0;0;0;0;0;0;0;0;0;0;0;0
13.07.2017 11:45;8,878318693;0;0;0;0;0;0;0;0;0;0;0;0
13.07.2017 12:00;8,878318693;0;0;0;0;0;0;8,142857143;8,142857143;0;0;0;0
13.07.2017 12:15;1,173440644;0;0;0;0;0;0;8,142857143;8,142857143;0;0;0;0
13.07.2017 12:30;0;0;0;0;0;0;0;8,142857143;8,142857143;0;0;0;0
13.07.2017 12:45;0;0;0;5,570750988;0;0;5,570750988;8,142857143;8,142857143;0;0;0;0
13.07.2017 13:00;0;0;0;5,570750988;0;0;5,570750988;8,142857143;8,142857143;0;0;0;0
13.07.2017 13:15;0;0;0;5,570750988;0;0;5,570750988;8,142857143;8,142857143;0;0;0;0
13.07.2017 13:30;0;0;0;5,570750988;0;0;5,570750988;8,142857143;8,142857143;0;0;0;0
13.07.2017 13:45;0;0;0;5,570750988;0;0;5,570750988;8,142857143;8,142857143;0;0;0;0
13.07.2017 14:00;0;0;0;5,570750988;0;0;5,570750988;8,142857143;8,142857143;0;0;0;0
13.07.2017 14:15;0;0;0;5,570750988;0;0;5,570750988;8,142857143;8,142857143;0;0;0;0
13.07.2017 14:30;0;0;0;5,570750988;0;0;5,570750988;8,142857143;8,142857143;0;0;0;0
13.07.2017 14:45;0;0;0;5,570750988;0;0;5,570750988;8,142857143;8,142857143;0;0;0;0
13.07.2017 15:00;0;0;0;5,570750988;0;0;5,570750988;8,142857143;8,142857143;0;0;0;0
13.07.2017 15:15;0;0;0;5,570750988;0;0;5,570750988;8,142857143;8,142857143;0;0;0;0
13.07.2017 15:30;0;0;0;5,570750988;0;0;5,570750988;0;0;0;0;0;0
13.07.2017 15:45;0;0;0;5,570750988;0;0;5,570750988;0;0;0;0;0;0
13.07.2017 16:00;0;0;0;5,570750988;0;0;5,570750988;0;0;0;0;0;0
13.07.2017 16:15;0;0;0;5,570750988;0;0;5,570750988;0;0;0;0;0;0
13.07.2017 16:30;0;0;0;5,570750988;0;0;5,570750988;0;0;0;0;0;0
13.07.2017 16:45;0;0;0;5,570750988;0;0;5,570750988;0;0;0;0;6,108196721;6,108196721
13.07.2017 17:00;0;0;0;0;0;0;0;0;0;0;0;6,108196721;6,108196721
13.07.2017 17:15;0;0;0;0;0;0;0;0;0;0;0;6,108196721;6,108196721
13.07.2017 17:30;0;0;0;0;0;0;0;0;0;0;0;6,108196721;6,108196721
13.07.2017 17:45;0;0;0;0;0;0;0;0;0;0;0;6,108196721;6,108196721
13.07.2017 18:00;0;0;0;0;0;0;0;0;0;0;0;6,108196721;6,108196721
13.07.2017 18:15;0;0;0;0;0;0;0;0;0;0;0;6,108196721;6,108196721
13.07.2017 18:30;0;0;0;0;0;0;0;0;0;0;0;6,108196721;6,108196721
13.07.2017 18:45;0;0;0;0;0;0;0;0;0;0;0;6,108196721;6,108196721
13.07.2017 19:00;0;0;0;0;0;0;0;0;0;0;0;6,108196721;6,108196721
13.07.2017 19:15;0;0;0;0;0;0;0;0;0;0;0;0;0
13.07.2017 19:30;0;0;0;0;0;0;0;0;0;0;0;0;0
13.07.2017 19:45;0;0;0;0;0;0;0;0;0;0;0;0;0
13.07.2017 20:00;0;0;0;0;0;0;0;0;0;0;0;0;0
13.07.2017 20:15;0;0;0;0;0;0;0;0;0;0;0;0;0
13.07.2017 20:30;0;0;0;0;0;0;0;0;0;0;0;0;0
13.07.2017 20:45;0;0;0;0;0;0;0;0;0;0;0;0;0
13.07.2017 21:00;0;0;0;0;0;0;0;0;0;0;0;0;0
13.07.2017 21:15;0;0;0;0;0;0;0;0;0;0;0;0;0
13.07.2017 21:30;0;0;0;0;0;0;0;0;0;0;0;0;0
13.07.2017 21:45;0;0;0;0;0;0;0;0;0;0;0;0;0
13.07.2017 22:00;0;0;0;0;0;0;0;0;0;0;0;0;0
13.07.2017 22:15;0;0;0;0;0;0;0;0;0;0;0;0;0
13.07.2017 22:30;0;0;0;0;0;0;0;0;0;0;0;0;0
13.07.2017 22:45;0;0;0;0;0;0;0;0;0;0;0;0;0
13.07.2017 23:00;0;0;0;0;0;0;0;0;0;0;0;0;0
13.07.2017 23:15;0;0;0;0;0;0;0;0;0;0;0;0;0
13.07.2017 23:30;0;0;0;0;0;0;0;0;0;0;0;0;0
13.07.2017 23:45;0;0;0;0;0;0;0;0;0;0;0;0;0
14.07.2017 00:00;0;0;0;0;0;0;0;0;0;0;0;0;0
14.07.2017 00:15;0;0;0;0;0;0;0;0;0;0;0;0;0
14.07.2017 00:30;0;0;0;0;0;0;0;0;0;0;0;0;0
14.07.2017 00:45;0;0;0;0;0;0;0;0;0;0;0;0;0
14.07.2017 01:00;0;0;0;0;0;0;0;0;0;0;0;0;0
14.07.2017 01:15;0;0;0;0;0;0;0;0;0;0;0;0;0
14.07.2017 01:30;0;0;0;0;0;0;0;0;0;0;0;0;0
14.07.2017 01:45;0;0;0;0;0;0;0;0;0;0;0;0;0
14.07.2017 02:00;0;0;0;0;0;0;0;0;0;0;0;0;0
14.07.2017 02:15;0;0;0;0;0;0;0;0;0;0;0;0;0
14.07.2017 02:30;0;0;0;0;0;0;0;0;0;0;0;0;0
14.07.2017 02:45;0;0;0;0;0;0;0;0;0;0;0;0;0
14.07.2017 03:00;0;0;0;0;0;0;0;0;0;0;0;0;0
14.07.2017 03:15;0;0;0;0;0;0;0;0;0;0;0;0;0
14.07.2017 03:30;0;0;0;0;0;0;0;0;0;0;0;0;0
14.07.2017 03:45;0;0;0;2,580530973;0;2,580530973;0;0;0;0;0;0;0
14.07.2017 04:00;13,02352941;0;0;2,580530973;0;2,580530973;0;0;0;0;0;0;0
14.07.2017 04:15;13,02352941;0;0;2,580530973;0;2,580530973;0;0;0;0;0;0;0
14.07.2017 04:30;13,02352941;0;0;10,68053097;0;10,68053097;0;0;0;0;0;0;0
14.07.2017 04:45;13,02352941;0;0;10,68053097;0;10,68053097;0;0;0;0;0;0;0
14.07.2017 05:00;13,32580645;0;0;10,68053097;0;10,68053097;0;0;0;0;0;0;0
14.07.2017 05:15;13,32580645;0;0;23,34598552;0;10,68053097;12,66545455;0;0;0;0;0;0
14.07.2017 05:30;13,32580645;7,94522293;0;23,34598552;0;10,68053097;12,66545455;0;0;0;0;0;0
14.07.2017 05:45;21,07363254;7,94522293;0;23,34598552;0;10,68053097;12,66545455;0;0;0;0;0;0
14.07.2017 06:00;21,07363254;7,94522293;5,344329897;23,34598552;0;10,68053097;12,66545455;0;0;0;0;0;0
14.07.2017 06:15;7,747826087;7,94522293;5,344329897;23,34598552;0;10,68053097;12,66545455;0;0;0;0;0;0
14.07.2017 06:30;7,747826087;7,94522293;5,344329897;23,34598552;0;10,68053097;12,66545455;0;0;0;0;0;0
14.07.2017 06:45;7,747826087;7,94522293;5,344329897;23,34598552;0;10,68053097;12,66545455;0;0;0;0;0;0
14.07.2017 07:00;7,747826087;7,94522293;5,344329897;23,34598552;0;10,68053097;12,66545455;0;0;0;0;0;0
14.07.2017 07:15;14,74328063;7,94522293;5,344329897;10,68053097;0;10,68053097;0;0;0;0;0;0;0
14.07.2017 07:30;14,74328063;7,94522293;5,344329897;10,68053097;0;10,68053097;0;0;0;0;0;0;0
14.07.2017 07:45;14,74328063;7,94522293;5,344329897;8,1;0;8,1;0;0;0;0;0;0;0
14.07.2017 08:00;20,02588933;7,94522293;5,344329897;0;0;0;0;0;0;0;0;0;0
14.07.2017 08:15;20,02588933;7,94522293;5,344329897;0;0;0;0;0;0;0;0;0;0
14.07.2017 08:30;20,02588933;0;5,344329897;0;0;0;0;0;0;0;0;0;0
14.07.2017 08:45;20,02588933;0;5,344329897;0;0;0;0;0;0;0;0;0;0
14.07.2017 09:00;6,995454545;4,609756098;5,344329897;0;0;0;0;0;0;0;0;0;0
14.07.2017 09:15;6,995454545;4,609756098;5,344329897;0;0;0;0;0;0;0;0;0;0
14.07.2017 09:30;6,995454545;4,609756098;0;0;0;0;0;0;0;0;0;0;0
14.07.2017 09:45;0;4,609756098;0;0;0;0;0;0;0;0;0;0;0
14.07.2017 10:00;6,48;4,609756098;0;0;0;0;0;0;0;0;0;0;0
14.07.2017 10:15;6,48;4,609756098;0;0;0;0;0;0;0;0;0;0;0
14.07.2017 10:30;0;4,609756098;0;0;0;0;0;0;0;0;0;0;0
14.07.2017 10:45;0;4,609756098;0;0;0;0;0;0;0;0;0;0;0
14.07.2017 11:00;0;4,609756098;0;0;0;0;0;0;0;0;0;0;0
14.07.2017 11:15;0;0;0;0;0;0;0;0;0;0;0;0;0
14.07.2017 11:30;0;0;0;0;0;0;0;0;0;0;0;0;0
14.07.2017 11:45;0;0;0;0;0;0;0;0;0;0;0;0;0
14.07.2017 12:00;0;0;0;0;0;0;0;0;0;0;0;0;0
14.07.2017 12:15;0;0;0;0;0;0;0;8,1;8,1;0;0;0;0
14.07.2017 12:30;0;0;0;0;0;0;0;8,1;8,1;0;0;0;0
14.07.2017 12:45;0;0;0;0;0;0;0;8,1;8,1;0;0;0;0
14.07.2017 13:00;0;0;0;0;0;0;0;8,1;8,1;0;0;0;0
14.07.2017 13:15;0;0;0;0;0;0;0;8,1;8,1;0;0;0;0
14.07.2017 13:30;0;0;0;0;0;0;0;8,1;8,1;0;0;0;0
14.07.2017 13:45;0;0;0;0;0;0;0;8,1;8,1;0;0;0;0
14.07.2017 14:00;0;0;0;0;0;0;0;8,1;8,1;0;0;0;0
14.07.2017 14:15;0;0;0;0;0;0;0;8,1;8,1;0;0;0;0
14.07.2017 14:30;0;0;0;0;0;0;0;8,1;8,1;0;0;0;0
14.07.2017 14:45;0;0;0;0;0;0;0;8,1;8,1;0;0;0;0
14.07.2017 15:00;0;0;0;0;0;0;0;8,1;8,1;0;0;0;0
14.07.2017 15:15;0;0;0;0;0;0;0;8,1;8,1;0;0;0;0
14.07.2017 15:30;0;0;0;0;0;0;0;0;0;0;0;0;0
14.07.2017 15:45;0;0;0;0;0;0;0;0;0;0;0;0;0
14.07.2017 16:00;0;0;0;0;0;0;0;0;0;0;0;0;0
14.07.2017 16:15;0;0;0;0;0;0;0;0;0;0;0;0;0
14.07.2017 16:30;0;0;0;0;0;0;0;0;0;0;0;0;0
14.07.2017 16:45;0;0;0;0;0;0;0;0;0;0;0;0;0
14.07.2017 17:00;0;0;0;0;0;0;0;0;0;0;0;0;0
14.07.2017 17:15;0;0;0;0;0;0;0;0;0;0;0;0;0
14.07.2017 17:30;0;0;0;0;0;0;0;0;0;0;0;0;0
14.07.2017 17:45;0;0;0;0;0;0;0;0;0;0;0;0;0
14.07.2017 18:00;0;0;0;0;0;0;0;0;0;0;0;0;0
14.07.2017 18:15;0;0;0;0;0;0;0;0;0;0;0;0;0
14.07.2017 18:30;0;0;0;0;0;0;0;0;0;0;0;0;0
14.07.2017 18:45;0;0;0;0;0;0;0;0;0;0;0;0;0
14.07.2017 19:00;0;0;0;0;0;0;0;0;0;0;0;0;0
14.07.2017 19:15;0;0;0;0;0;0;0;0;0;0;0;0;0
14.07.2017 19:30;0;0;0;0;0;0;0;0;0;0;0;0;0
14.07.2017 19:45;0;0;0;0;0;0;0;0;0;0;0;0;0
14.07.2017 20:00;0;0;0;0;0;0;0;0;0;0;0;0;0
14.07.2017 20:15;0;0;0;0;0;0;0;0;0;0;0;0;0
14.07.2017 20:30;0;0;0;0;0;0;0;0;0;0;0;0;0
14.07.2017 20:45;0;0;0;0;0;0;0;0;0;0;0;0;0
14.07.2017 21:00;0;0;0;0;0;0;0;0;0;0;0;0;0
14.07.2017 21:15;0;0;0;0;0;0;0;0;0;0;0;0;0
14.07.2017 21:30;0;0;0;0;0;0;0;0;0;0;0;0;0
14.07.2017 21:45;0;0;0;0;0;0;0;0;0;0;0;0;0
14.07.2017 22:00;0;0;0;0;0;0;0;0;0;0;0;0;0
14.07.2017 22:15;0;0;0;0;0;0;0;0;0;0;0;0;0
14.07.2017 22:30;0;0;0;0;0;0;0;0;0;0;0;0;0
14.07.2017 22:45;0;0;0;0;0;0;0;0;0;0;0;0;0
14.07.2017 23:00;0;0;0;0;0;0;0;0;0;0;0;0;0
14.07.2017 23:15;0;0;0;0;0;0;0;0;0;0;0;0;0
14.07.2017 23:30;0;0;0;0;0;0;0;0;0;0;0;0;0
14.07.2017 23:45;0;0;0;0;0;0;0;0;0;0;0;0;0
15.07.2017 00:00;0;0;0;0;0;0;0;0;0;0;0;0;0
15.07.2017 00:15;0;0;0;0;0;0;0;0;0;0;0;0;0
15.07.2017 00:30;0;0;0;0;0;0;0;0;0;0;0;0;0
15.07.2017 00:45;0;0;0;0;0;0;0;0;0;0;0;0;0
15.07.2017 01:00;0;0;0;0;0;0;0;0;0;0;0;0;0
15.07.2017 01:15;0;0;0;0;0;0;0;0;0;0;0;0;0
15.07.2017 01:30;0;0;0;0;0;0;0;0;0;0;0;0;0
15.07.2017 01:45;0;0;0;0;0;0;0;0;0;0;0;0;0
15.07.2017 02:00;0;0;0;0;0;0;0;0;0;0;0;0;0
15.07.2017 02:15;0;0;0;0;0;0;0;0;0;0;0;0;0
15.07.2017 02:30;0;0;0;0;0;0;0;0;0;0;0;0;0
15.07.2017 02:45;0;0;0;0;0;0;0;0;0;0;0;0;0
15.07.2017 03:00;0;0;0;0;0;0;0;0;0;0;0;0;0
15.07.2017 03:15;0;0;0;0;0;0;0;0;0;0;0;0;0
15.07.2017 03:30;0;0;0;0;0;0;0;7,939072848;0;7,939072848;0;0;0
15.07.2017 03:45;0;0;0;2,565;0;2,565;0;7,939072848;0;7,939072848;0;0;0
15.07.2017 04:00;0;0;0;2,565;0;2,565;0;7,939072848;0;7,939072848;0;0;0
15.07.2017 04:15;0;0;0;2,565;0;2,565;0;7,939072848;0;7,939072848;0;0;0
15.07.2017 04:30;0;0;0;2,565;0;2,565;0;7,939072848;0;7,939072848;0;0;0
15.07.2017 04:45;0;0;0;2,565;0;2,565;0;7,939072848;0;7,939072848;0;0;0
15.07.2017 05:00;0;0;0;2,565;0;2,565;0;7,939072848;0;7,939072848;0;0;0
15.07.2017 05:15;0;0;0;2,565;0;2,565;0;7,939072848;0;7,939072848;0;0;0
15.07.2017 05:30;0;0;0;2,565;0;2,565;0;7,939072848;0;7,939072848;0;0;0
15.07.2017 05:45;0;0;0;2,565;0;2,565;0;7,939072848;0;7,939072848;0;0;0
15.07.2017 06:00;0;0;0;2,565;0;2,565;0;7,939072848;0;7,939072848;0;0;0
15.07.2017 06:15;0;0;0;2,565;0;2,565;0;0;0;0;0;0;0
15.07.2017 06:30;0;0;0;2,565;0;2,565;0;0;0;0;0;0;0
15.07.2017 06:45;0;0;0;2,565;0;2,565;0;0;0;0;0;0;0
15.07.2017 07:00;0;0;0;2,565;0;2,565;0;0;0;0;0;0;0
15.07.2017 07:15;0;0;0;2,565;0;2,565;0;0;0;0;0;0;0
15.07.2017 07:30;0;0;0;2,565;0;2,565;0;0;0;0;0;0;0
15.07.2017 07:45;0;0;0;2,565;0;2,565;0;0;0;0;0;0;0
15.07.2017 08:00;0;0;0;0;0;0;0;0;0;0;0;0;0
15.07.2017 08:15;0;0;0;0;0;0;0;0;0;0;0;0;0
15.07.2017 08:30;0;0;0;0;0;0;0;0;0;0;0;0;0
15.07.2017 08:45;0;0;0;0;0;0;0;0;0;0;0;0;0
15.07.2017 09:00;0;0;0;0;0;0;0;0;0;0;0;0;0
15.07.2017 09:15;0;0;0;0;0;0;0;0;0;0;0;0;0
15.07.2017 09:30;0;0;0;0;0;0;0;0;0;0;0;0;0
15.07.2017 09:45;0;0;0;0;0;0;0;0;0;0;0;0;0
15.07.2017 10:00;0;0;0;0;0;0;0;0;0;0;0;0;0
15.07.2017 10:15;0;0;0;0;0;0;0;0;0;0;0;0;0
15.07.2017 10:30;0;0;0;0;0;0;0;0;0;0;0;0;0
15.07.2017 10:45;0;0;0;0;0;0;0;0;0;0;0;0;0
15.07.2017 11:00;0;0;0;0;0;0;0;0;0;0;0;0;0
15.07.2017 11:15;0;0;0;0;0;0;0;0;0;0;0;0;0
15.07.2017 11:30;0;0;0;0;0;0;0;0;0;0;0;0;0
15.07.2017 11:45;0;0;0;0;0;0;0;0;0;0;0;0;0
15.07.2017 12:00;0;0;0;0;0;0;0;0;0;0;0;0;0
15.07.2017 12:15;0;0;0;0;0;0;0;0;0;0;0;0;0
15.07.2017 12:30;0;0;0;0;0;0;0;0;0;0;0;0;0
15.07.2017 12:45;0;0;0;0;0;0;0;0;0;0;0;0;0
15.07.2017 13:00;0;0;0;0;0;0;0;0;0;0;0;0;0
15.07.2017 13:15;0;0;0;0;0;0;0;0;0;0;0;0;0
15.07.2017 13:30;0;0;0;0;0;0;0;0;0;0;0;0;0
15.07.2017 13:45;0;0;0;0;0;0;0;0;0;0;0;0;0
15.07.2017 14:00;0;0;0;0;0;0;0;0;0;0;0;0;0
15.07.2017 14:15;0;0;0;0;0;0;0;0;0;0;0;0;0
15.07.2017 14:30;0;0;0;0;0;0;0;0;0;0;0;0;0
15.07.2017 14:45;0;0;0;0;0;0;0;0;0;0;0;0;0
15.07.2017 15:00;0;0;0;0;0;0;0;0;0;0;0;0;0
15.07.2017 15:15;0;0;0;0;0;0;0;0;0;0;0;5,757024793;5,757024793
15.07.2017 15:30;0;0;0;0;0;0;0;0;0;0;0;5,757024793;5,757024793
15.07.2017 15:45;0;0;0;0;0;0;0;0;0;0;0;5,757024793;5,757024793
15.07.2017 16:00;0;0;0;0;0;0;0;0;0;0;0;5,757024793;5,757024793
15.07.2017 16:15;0;0;0;0;0;0;0;0;0;0;0;5,757024793;5,757024793
15.07.2017 16:30;0;0;0;0;0;0;0;0;0;0;0;5,757024793;5,757024793
15.07.2017 16:45;0;0;0;0;0;0;0;0;0;0;0;5,757024793;5,757024793
15.07.2017 17:00;0;0;0;0;0;0;0;0;0;0;0;5,757024793;5,757024793
15.07.2017 17:15;0;0;0;0;0;0;0;0;0;0;0;5,757024793;5,757024793
15.07.2017 17:30;0;0;0;0;0;0;0;0;0;0;0;0;0
15.07.2017 17:45;0;0;0;0;0;0;0;0;0;0;0;0;0
15.07.2017 18:00;0;0;0;0;0;0;0;0;0;0;0;0;0
15.07.2017 18:15;0;0;0;0;0;0;0;0;0;0;0;0;0
15.07.2017 18:30;0;0;0;0;0;0;0;0;0;0;0;0;0
15.07.2017 18:45;0;0;0;0;0;0;0;0;0;0;0;0;0
15.07.2017 19:00;0;0;0;0;0;0;0;0;0;0;0;0;0
15.07.2017 19:15;0;0;0;0;0;0;0;0;0;0;0;0;0
15.07.2017 19:30;0;0;0;0;0;0;0;0;0;0;0;0;0
15.07.2017 19:45;0;0;0;0;0;0;0;0;0;0;0;0;0
15.07.2017 20:00;0;0;0;0;0;0;0;0;0;0;0;0;0
15.07.2017 20:15;0;0;0;0;0;0;0;0;0;0;0;0;0
15.07.2017 20:30;0;0;0;0;0;0;0;0;0;0;0;0;0
15.07.2017 20:45;0;0;0;0;0;0;0;0;0;0;0;0;0
15.07.2017 21:00;0;0;0;0;0;0;0;0;0;0;0;0;0
15.07.2017 21:15;0;0;0;0;0;0;0;0;0;0;0;0;0
15.07.2017 21:30;0;0;0;0;0;0;0;0;0;0;0;0;0
15.07.2017 21:45;0;0;0;0;0;0;0;0;0;0;0;0;0
15.07.2017 22:00;0;0;0;0;0;0;0;0;0;0;0;0;0
15.07.2017 22:15;0;0;0;0;0;0;0;0;0;0;0;0;0
15.07.2017 22:30;0;0;0;0;0;0;0;0;0;0;0;0;0
15.07.2017 22:45;0;0;0;0;0;0;0;0;0;0;0;0;0
15.07.2017 23:00;0;0;0;0;0;0;0;0;0;0;0;0;0
15.07.2017 23:15;0;0;0;0;0;0;0;0;0;0;0;0;0
15.07.2017 23:30;0;0;0;0;0;0;0;0;0;0;0;0;0
15.07.2017 23:45;0;0;0;0;0;0;0;0;0;0;0;0;0
16.07.2017 00:00;0;0;0;0;0;0;0;0;0;0;0;0;0
16.07.2017 00:15;0;0;0;0;0;0;0;0;0;0;0;0;0
16.07.2017 00:30;0;0;0;0;0;0;0;0;0;0;0;0;0
16.07.2017 00:45;0;0;0;0;0;0;0;0;0;0;0;0;0
16.07.2017 01:00;0;0;0;0;0;0;0;0;0;0;0;0;0
16.07.2017 01:15;0;0;0;0;0;0;0;0;0;0;0;0;0
16.07.2017 01:30;0;0;0;0;0;0;0;0;0;0;0;0;0
16.07.2017 01:45;0;0;0;0;0;0;0;0;0;0;0;0;0
16.07.2017 02:00;0;0;0;0;0;0;0;0;0;0;0;0;0
16.07.2017 02:15;0;0;0;0;0;0;0;0;0;0;0;0;0
16.07.2017 02:30;0;0;0;0;0;0;0;0;0;0;0;0;0
16.07.2017 02:45;0;0;0;0;0;0;0;0;0;0;0;0;0
16.07.2017 03:00;0;0;0;0;0;0;0;0;0;0;0;0;0
16.07.2017 03:15;0;0;0;0;0;0;0;0;0;0;0;0;0
16.07.2017 03:30;0;0;0;0;0;0;0;0;0;0;0;0;0
16.07.2017 03:45;0;0;0;0;0;0;0;0;0;0;0;0;0
16.07.2017 04:00;0;0;0;0;0;0;0;0;0;0;0;0;0
16.07.2017 04:15;0;0;0;0;0;0;0;0;0;0;0;0;0
16.07.2017 04:30;0;0;0;0;0;0;0;0;0;0;0;0;0
16.07.2017 04:45;0;0;0;0;0;0;0;0;0;0;0;0;0
16.07.2017 05:00;0;0;0;0;0;0;0;0;0;0;0;0;0
16.07.2017 05:15;0;0;0;0;0;0;0;0;0;0;0;0;0
16.07.2017 05:30;0;0;0;0;0;0;0;0;0;0;0;0;0
16.07.2017 05:45;0;0;0;0;0;0;0;0;0;0;0;0;0
16.07.2017 06:00;0;0;0;0;0;0;0;0;0;0;0;0;0
16.07.2017 06:15;0;0;0;0;0;0;0;0;0;0;0;0;0
16.07.2017 06:30;0;0;0;0;0;0;0;0;0;0;0;0;0
16.07.2017 06:45;0;0;0;0;0;0;0;0;0;0;0;0;0
16.07.2017 07:00;0;0;0;0;0;0;0;0;0;0;0;0;0
16.07.2017 07:15;0;0;0;0;0;0;0;0;0;0;0;0;0
16.07.2017 07:30;0;0;0;0;0;0;0;0;0;0;0;0;0
16.07.2017 07:45;0;0;0;0;0;0;0;0;0;0;0;0;0
16.07.2017 08:00;0;0;0;0;0;0;0;0;0;0;0;0;0
16.07.2017 08:15;0;0;0;0;0;0;0;0;0;0;0;0;0
16.07.2017 08:30;0;0;0;0;0;0;0;8,141968912;0;8,141968912;0;0;0
16.07.2017 08:45;0;0;0;0;0;0;0;8,141968912;0;8,141968912;0;0;0
16.07.2017 09:00;0;0;0;0;0;0;0;8,141968912;0;8,141968912;0;0;0
16.07.2017 09:15;0;0;0;0;0;0;0;8,141968912;0;8,141968912;0;0;0
16.07.2017 09:30;0;0;0;0;0;0;0;8,141968912;0;8,141968912;0;0;0
16.07.2017 09:45;0;0;0;0;0;0;0;8,141968912;0;8,141968912;0;0;0
16.07.2017 10:00;0;0;0;0;0;0;0;8,141968912;0;8,141968912;0;0;0
16.07.2017 10:15;0;0;0;0;0;0;0;8,141968912;0;8,141968912;0;0;0
16.07.2017 10:30;0;0;0;0;0;0;0;8,141968912;0;8,141968912;0;0;0
16.07.2017 10:45;0;0;0;0;0;0;0;8,141968912;0;8,141968912;0;0;0
16.07.2017 11:00;0;0;0;0;0;0;0;8,141968912;0;8,141968912;0;0;0
16.07.2017 11:15;0;0;0;0;0;0;0;8,141968912;0;8,141968912;0;0;0
16.07.2017 11:30;0;0;0;0;0;0;0;8,141968912;0;8,141968912;0;0;0
16.07.2017 11:45;0;0;0;6,281632653;6,281632653;0;0;0;0;0;0;0;0
16.07.2017 12:00;0;0;0;6,281632653;6,281632653;0;0;0;0;0;0;0;0
16.07.2017 12:15;0;0;0;6,281632653;6,281632653;0;0;0;0;0;0;0;0
16.07.2017 12:30;0;0;0;6,281632653;6,281632653;0;0;0;0;0;0;0;0
16.07.2017 12:45;0;0;0;6,281632653;6,281632653;0;0;0;0;0;0;0;0
16.07.2017 13:00;0;0;0;6,281632653;6,281632653;0;0;0;0;0;0;0;0
16.07.2017 13:15;0;0;0;6,281632653;6,281632653;0;0;0;0;0;0;0;0
16.07.2017 13:30;0;0;0;6,281632653;6,281632653;0;0;0;0;0;0;0;0
16.07.2017 13:45;0;0;0;6,281632653;6,281632653;0;0;0;0;0;0;0;0
16.07.2017 14:00;0;0;0;6,281632653;6,281632653;0;0;0;0;0;0;0;0
16.07.2017 14:15;0;0;0;6,281632653;6,281632653;0;0;0;0;0;0;0;0
16.07.2017 14:30;0;0;0;0;0;0;0;0;0;0;0;0;0
16.07.2017 14:45;0;0;0;0;0;0;0;0;0;0;0;0;0
16.07.2017 15:00;0;0;0;0;0;0;0;0;0;0;0;0;0
16.07.2017 15:15;0;0;0;0;0;0;0;0;0;0;0;0;0
16.07.2017 15:30;0;0;0;0;0;0;0;0;0;0;0;0;0
16.07.2017 15:45;0;0;0;0;0;0;0;0;0;0;0;0;0
16.07.2017 16:00;0;0;0;0;0;0;0;0;0;0;0;0;0
16.07.2017 16:15;0;0;0;0;0;0;0;0;0;0;0;0;0
16.07.2017 16:30;0;0;0;0;0;0;0;0;0;0;0;0;0
16.07.2017 16:45;0;0;0;0;0;0;0;0;0;0;0;0;0
16.07.2017 17:00;0;0;0;0;0;0;0;0;0;0;0;0;0
16.07.2017 17:15;0;0;0;0;0;0;0;0;0;0;0;0;0
16.07.2017 17:30;0;0;0;0;0;0;0;0;0;0;0;0;0
16.07.2017 17:45;0;0;0;0;0;0;0;0;0;0;0;0;0
16.07.2017 18:00;0;0;0;0;0;0;0;0;0;0;0;0;0
16.07.2017 18:15;0;0;0;0;0;0;0;0;0;0;0;0;0
16.07.2017 18:30;0;0;0;0;0;0;0;0;0;0;0;0;0
16.07.2017 18:45;0;0;0;0;0;0;0;0;0;0;0;0;0
16.07.2017 19:00;0;0;0;0;0;0;0;0;0;0;0;0;0
16.07.2017 19:15;0;0;0;0;0;0;0;0;0;0;0;0;0
16.07.2017 19:30;0;0;0;0;0;0;0;0;0;0;0;0;0
16.07.2017 19:45;0;0;0;0;0;0;0;0;0;0;0;0;0
16.07.2017 20:00;0;0;0;0;0;0;0;0;0;0;0;0;0
16.07.2017 20:15;0;0;0;0;0;0;0;0;0;0;0;0;0
16.07.2017 20:30;0;0;0;0;0;0;0;0;0;0;0;0;0
16.07.2017 20:45;0;0;0;0;0;0;0;0;0;0;0;0;0
16.07.2017 21:00;0;0;0;0;0;0;0;0;0;0;0;0;0
16.07.2017 21:15;0;0;0;0;0;0;0;0;0;0;0;0;0
16.07.2017 21:30;0;0;0;0;0;0;0;0;0;0;0;0;0
16.07.2017 21:45;0;0;0;0;0;0;0;0;0;0;0;0;0
16.07.2017 22:00;0;0;0;0;0;0;0;0;0;0;0;0;0
16.07.2017 22:15;0;0;0;0;0;0;0;0;0;0;0;0;0
16.07.2017 22:30;0;0;0;0;0;0;0;0;0;0;0;0;0
16.07.2017 22:45;0;0;0;0;0;0;0;0;0;0;0;0;0
16.07.2017 23:00;0;0;0;0;0;0;0;0;0;0;0;0;0
16.07.2017 23:15;0;0;0;0;0;0;0;0;0;0;0;0;0
